/*
SQLyog Community v11.24 (32 bit)
MySQL - 5.5.16 : Database - presentations
*********************************************************************
*/

/*!40101 SET NAMES utf8 */;

/*!40101 SET SQL_MODE=''*/;

/*!40014 SET @OLD_UNIQUE_CHECKS=@@UNIQUE_CHECKS, UNIQUE_CHECKS=0 */;
/*!40014 SET @OLD_FOREIGN_KEY_CHECKS=@@FOREIGN_KEY_CHECKS, FOREIGN_KEY_CHECKS=0 */;
/*!40101 SET @OLD_SQL_MODE=@@SQL_MODE, SQL_MODE='NO_AUTO_VALUE_ON_ZERO' */;
/*!40111 SET @OLD_SQL_NOTES=@@SQL_NOTES, SQL_NOTES=0 */;
CREATE DATABASE /*!32312 IF NOT EXISTS*/`presentations` /*!40100 DEFAULT CHARACTER SET latin1 */;

USE `presentations`;

/*Table structure for table `categories` */

DROP TABLE IF EXISTS `categories`;

CREATE TABLE `categories` (
  `id` int(11) unsigned NOT NULL AUTO_INCREMENT,
  `name` varchar(255) DEFAULT NULL,
  PRIMARY KEY (`id`)
) ENGINE=InnoDB AUTO_INCREMENT=4 DEFAULT CHARSET=latin1;

/*Data for the table `categories` */

insert  into `categories`(`id`,`name`) values (1,'Wisconsin Audience'),(2,'National Audience'),(3,'International Audience');

/*Table structure for table `category_contents` */

DROP TABLE IF EXISTS `category_contents`;

CREATE TABLE `category_contents` (
  `id` int(10) unsigned NOT NULL AUTO_INCREMENT,
  `category_id` int(11) unsigned NOT NULL,
  `cat_year` varchar(20) NOT NULL,
  `cat_date` varchar(20) NOT NULL,
  `title` text NOT NULL,
  `order` int(11) DEFAULT NULL,
  `created_date` date DEFAULT NULL,
  PRIMARY KEY (`id`),
  KEY `cat` (`category_id`),
  CONSTRAINT `sfsfd` FOREIGN KEY (`category_id`) REFERENCES `categories` (`id`) ON DELETE CASCADE
) ENGINE=InnoDB AUTO_INCREMENT=538 DEFAULT CHARSET=latin1;

/*Data for the table `category_contents` */

insert  into `category_contents`(`id`,`category_id`,`cat_year`,`cat_date`,`title`,`order`,`created_date`) values (320,1,'2014','02/27','Dairy management tools. Central Wisconsin Dairy Series. Elroy, WI. ',1,'2014-08-28'),(321,1,'2014','08/13','Results of organic dairy economic survey. University of Wisconsin Organic Agriculture Field Day. Arlington, WI. ',2,'2014-08-28'),(322,1,'2013','08/13','Results of organic dairy economic survey. University of Wisconsin Organic Agriculture Field Day. Arlington, WI. ',3,'2014-08-28'),(323,1,'2013','06/26','Grouping Strategies for Feeding Lactating Dairy Cattle. Farm Business and Production Management instructors at the WAAE summer conference, Green Bay, WI. ',4,'2014-08-28'),(324,1,'2013','04/09','Integrated dairy farm economic and environmental assessment of management strategies. Madison, WI. ',5,'2014-08-28'),(325,1,'2013','02/01','Grouping strategies for feeding lactating dairy cattle. Progressive Operators Seminar Series 2013. Cleveland, WI. ',6,'2014-08-28'),(326,1,'2013','01/02-01/31','The economic value of a dairy cow, the value of a pregnancy, the cost of a pregnancy lost and their relationship with reproduction performance. 2013 Repro Money Roadshow Series: Reproducing Profitability, WI, 13 locations: Sauk, Columbia, Barron, Dunn/Chippewa, Polk, St. Croix, Trempealeau, Jackson, Fond du Lac, Sheboygan, Brown, Kewaunee, Iowa, Grant, Carwford, Vernon. ',7,'2014-08-28'),(327,1,'2012','12/11-12/12','Dairy management tools. Center for Dairy Profitability/Wisconsin Farm Service Agency. AgFA/FSA Trainings, WI, 2 locations: Menomonie and Stevens Point.',8,'2014-08-28'),(328,1,'2012','11/16','FeedVal 2012 discussion. UW-Extension, Agricultural and Natural Resources, Wisline & Go-To-Webinar (20 locations). Madison, WI.',9,'2014-08-28'),(329,1,'2012','11/01','FeedVal 2012. 2012 Quality Milk Council Farm Barn Meeting. Bruce and Brenda Long Farm, New London, WI. ',10,'2014-08-28'),(330,1,'2012','09/25-09/26','Move, Keep, or Cull Her: Tool for Group Feeding Decisions. PDPW Feed & Nutrition Conference: Decision, Alternatives, Strategies, WI. 2 Locations: Stevens Point and Madison. ',11,'2014-08-28'),(331,1,'2012','09/25-09/26','Move, Keep, or Cull Her: Tool for Culling Decisions. PDPW Feed & Nutrition Conference: Decision, Alternatives, Strategies, WI. 2 Locations: Stevens Point and Madison. ',12,'2014-08-28'),(332,1,'2012','08/21','Reproductive decision-making tools. Accelerated Genetics update for field representative personnel. Baraboo, WI. ',13,'2014-08-28'),(333,1,'2012','08/14','Feeding strategies for challenging times: FeedVal 2012 and valuation of drought stressed corn silage. UW-Extension, WI. 2 locations: Millhome and Kaukauna. ',14,'2014-08-28'),(334,1,'2012','06/15','FeedVal 2012: A tool to estimate the real value of dairy feed ingredients. UW-Extension, Agricultural and Natural Resources, Dairy Team monthly Wisline (8 locations). Madison, WI.',15,'2014-08-28'),(335,1,'1970','01/01','The economic value of a dairy cow. Wisconsin Department of Agriculture Trade and Consumer Protection Monthly Dairy Meeting. Madison, WI. ',16,'2014-08-28'),(336,1,'2012','02/15','Economic grouping strategies for feeding lactating dairy cattle and tweaking your reproductive programs for improved profit. Farm business and production management: Large dairy producer forum. Barron, WI. ',17,'2014-08-28'),(337,1,'2012','02/21-01/17','The economic value of improving reproductive efficiency. Repro Money Road Show, WI. 11 locations: Gillet, Shawano, Barron, Vernon, Portage, Footbridge, Seymour, Hixton, Stratford, Waldo, and Fond Du Lac.  ',18,'2014-08-28'),(338,1,'2011','12/08','Grouping strategies for feeding lactating dairy cattle. UW-Arlington Dairy Day. Arlington, WI. ',19,'2014-08-28'),(339,1,'2011','10/27','Grouping strategies for feeding lactating dairy cattle. UW-Extension Agriculture and Natural Resources. Wisconsin Dells, WI. ',20,'2014-08-28'),(340,1,'2011','10/26','Successful USDA NIFA AFRI Grants. UW-Extension Agriculture and Natural Resources. Wisconsin Dells, WI. ',21,'2014-08-28'),(341,1,'2011','08/19','Grouping strategies for feeding lactating dairy cattle. UW-Extension, Agricultural and Natural Resources, Dairy Team monthly Wisline (6 locations). Madison, WI. ',22,'2014-08-28'),(342,1,'2011','05/25','Economics of reproduction on dairy cattle. UW-Extension Eastern District Repro Money training. Cleveland,WI. ',23,'2014-08-28'),(343,1,'2011','04/08','Livestock Gross Margin for Dairy. Grand Cheese company headquarters meeting. Madison, WI. ',24,'2014-08-28'),(344,1,'2011','03/29','Economics of reproduction in dairy cattle. Complete feed service, new ideas in rations and management. Elkhorn, WI.',25,'2014-08-28'),(345,1,'2011','03/08','Livestock Gross Margin for Dairy. Prairie States Genetics meeting. Madison, WI. ',26,'2014-08-28'),(346,1,'2011','02/14','Livestock Gross Margin for Dairy. Outlook Webinar Series (16 locations). Madison, WI',27,'2014-08-28'),(347,1,'2011','01/28','Livestock Gross Margin for Dairy. Lakeshore Technical College Progressive Operators Dairy Nutrition. Cleveland, WI. ',28,'2014-08-28'),(348,1,'2011','01/20','Livestock Gross Margin for Dairy. Outlook Webinar Series (16 locations). Madison, WI. ',29,'2014-08-28'),(349,1,'2011','01/19','Livestock Gross Margin for Dairy. Clark County Webinar. Madison, WI',30,'2014-08-28'),(350,1,'2010','12/14','Livestock Gross Margin for Dairy. Outlook Webinar Series (12 locations). Madison, WI',31,'2014-08-28'),(351,1,'2010','12/08','Economics of reproductive programs in dairy cattle. UW-Arlington Dairy Day. Arlington, WI. ',32,'2014-08-28'),(352,1,'2010','12/02','Livestock Gross Margin for Dairy. Southwest Technical College meeting. Dodgeville, WI.',33,'2014-08-28'),(353,1,'2010','11/17','Economics of reproductive programs in dairy cattle. Eastern District meeting. Green Bay, WI.',34,'2014-08-28'),(354,1,'2010','11/17','UW-DairyRepro$: A tool to assess the economic value of reproductive performance. Dairy optimist group. Sauk City, WI. ',35,'2014-08-28'),(355,1,'2010','11/16','Livestock Gross Margin for Dairy. Outlook Webinar Series (12 locations). Madison, WI',36,'2014-08-28'),(356,1,'2010','10/26','Livestock Gross Margin for Dairy. Outlook Webinar Series (8 locations). Madison, WI',37,'2014-08-28'),(357,1,'2010','10/20','The Wisconsin Dairy Ratio Benchmark tool. All UW-Extension Annual meeting. Madison, WI. ',38,'2014-08-28'),(358,1,'2010','09/23','UW-DairyRepro$: A tool to assess the economic value of reproductive performance. Alta Genetics Dairy Manager School. Watertown, WI. ',39,'2014-08-28'),(359,1,'2010','09/21','Organic and grazing farmers survey training. Training to DATCP, WASS enumerators. Richland, WI.',40,'2014-08-28'),(360,1,'2010','09/21','Livestock Gross Margin for Dairy. Outlook Webinar Series (6 locations). Madison, WI',41,'2014-08-28'),(361,1,'2010','09/20','Organic and grazing farmers survey training. Training to DATCP, WASS enumerators. Richland, WI.',42,'2014-08-28'),(362,1,'2010','09/16','The Wisconsin Dairy Ratio Benchmark, the Expansion, and LGM-Dairy tools. Fox Valley and Lakeshore financial annual meeting. Manitowoc, WI. ',43,'2014-08-28'),(363,1,'2010','09/14','UW-DairyRepro$: A tool to assess the economic value of reproductive performance. CRI-Genex National Meeting. Shawano, WI. ',44,'2014-08-28'),(364,1,'2010','08/24','Livestock Gross Margin for Dairy. Outlook Webinar Series (2 locations). Madison, WI',45,'2014-08-28'),(365,1,'2010','08/11','The Wisconsin Dairy Management Tools. Center for Dairy Profitability Bootcamp. Wisconsin Dells, WI. ',46,'2014-08-28'),(366,1,'2010','08/11','The Wisconsin Dairy Ratio Benchmark tool. Center for Dairy Profitability Bootcamp. Wisconsin Dells, WI. ',47,'2014-08-28'),(367,1,'2010','07/27','Livestock Gross Margin for Dairy. Outlook Webinar Series (2 locations). Madison, WI',48,'2014-08-28'),(368,1,'2010','06/16','Livestock Gross Margin for Dairy least cost contracts. Fox Valley Technical College meeting. Clintonville, WI.',49,'2014-08-28'),(369,1,'2010','04/30','Livestock Gross Margin for Dairy least cost contracts. Lenders farm management meeting. Kimberly, WI.',50,'2014-08-28'),(370,1,'2010','03/17','The Wisconsin Dairy Ratio Benchmark tool. North Central Risk Management and Education Center, Annie’s Project. Tomah, WI.',51,'2014-08-28'),(371,1,'2010','03/17','Decision Support System for Dairy Expansion and Modernization. North Central Risk Management and Education Center, Annie’s Project. Tomah, WI.',52,'2014-08-28'),(372,1,'2010','03/11','UW-DairyRepro$: A tool to assess the economic value of reproductive performance. Johnson Creek peer group meeting. Lake Mills, WI. ',53,'2014-08-28'),(373,1,'2010','03/05','The Wisconsin Dairy Ratio Benchmark tool. North Central Risk Management and Education Center, Heart of the Farm. Neenah, WI.',54,'2014-08-28'),(374,1,'2010','02/19','Grazing feed supplementation. Grazing Conference. Wisconsin Rapids, WI.',55,'2014-08-28'),(375,1,'2010','02/11','Wisconsin Dairy Management decision support systems. Dairy Optimists meeting. Prairie Du Sac, WI. ',56,'2014-08-28'),(376,1,'2010','01/12','Economics of using sexed semen. Cow College 2010. Clintonville, WI. ',57,'2014-08-28'),(377,1,'2010','01/08','Successful AFRI NIFA proposals. UW-Extension Agriculture and Natural Resource meeting. Madison, WI. ',58,'2014-08-28'),(378,1,'2009','12/04','Wisconsin Dairy Management decision support systems. Dairy meeting. Waldo, WI. ',59,'2014-08-28'),(379,1,'2009','08/20','Livestock Gross Margin for Dairy. UW-Extension, Agricultural and Natural Resources, Dairy Team monthly Wisline (8 locations). Madison, WI. ',60,'2014-08-28'),(380,1,'2009','07/02','Income over feed cost and feed cost evaluator tools. Wisconsin vocational teachers annual meeting. Middleton, WI. ',61,'2014-08-28'),(381,1,'2009','06/16','Economics of reproductive programs. Larson Acres producer meeting. Evansville, WI. ',62,'2014-08-28'),(382,1,'2009','06/05','Livestock Gross Margin for Dairy. Badgerland Financial workshop. Fond Du Lac, WI.',63,'2014-08-28'),(383,1,'2009','04/27','Five Decision Support tools for dairy decision making. Flying farmers of Wisconsin. Madison, WI. ',64,'2014-08-28'),(384,1,'2009','03/16','Livestock Gross Margin for Dairy full day workshop. North Central Risk Management and Education Center project. Taylor, WI.',65,'2014-08-28'),(385,1,'2009','03/15','Five Decision Support tools for dairy decision making. Center for Dairy Profitability bootcamp. Marshfield, WI. ',66,'2014-08-28'),(386,1,'2009','03/13','Livestock Gross Margin for Dairy full day workshop. North Central Risk Management and Education Center project. Brillion, WI.',67,'2014-08-28'),(387,1,'2009','03/11','Livestock Gross Margin for Dairy full day workshop. North Central Risk Management and Education Center project. GreenBay, WI.',68,'2014-08-28'),(388,1,'2009','03/06','Livestock Gross Margin for Dairy full day workshop. North Central Risk Management and Education Center project. Madison, WI.',69,'2014-08-28'),(389,1,'2009','03/06','Price risk management. North Central Risk Management and Education Center, Heart of the Farm. Oshkosh, WI. ',70,'2014-08-28'),(390,1,'2009','03/03','Price risk management. Wisconsin Farm Bureau Federation meeting. Madison, WI.',71,'2014-08-28'),(391,1,'2009','03/03','USDA Agriculture and Food Research Initiative Integrated Programs. UW-Extension Agriculture and Natural Resources meeting. Madison, WI. ',72,'2014-08-28'),(392,1,'2009','02/20','The income over feed supplement cost tool. UW-Extension, Agricultural and Natural Resources, Dairy Team monthly Wisline (5 locations). Madison, WI.',73,'2014-08-28'),(393,1,'2009','02/11','Livestock Gross Margin for Dairy full day workshop. North Central Risk Management and Education Center project. Platteville, WI. ',74,'2014-08-28'),(394,1,'2009','02/03','Dairy price risk management with Livestock Gross Margin for Dairy. Milk quality conference. Madison, WI. ',75,'2014-08-28'),(395,1,'2009','01/19','The income over feed supplement cost tool. VitaPlus meeting. Madison, WI.',76,'2014-08-28'),(396,1,'2009','01/16-01/06','Price risk management in dairy farming by using the Livestock Gross Margin for Dairy insurance. UW-Extension Road Show, WI. 13 locations: Suring, Casco, Stratford, Plover, Eau Claire, Rice Lake, Amery, Spring Valley, Antigo, Owen, Gilman, Melrose, Spring Green. ',77,'2014-08-28'),(397,1,'2009','01/05','The income over feed supplement cost and LGM-Dairy tools. Cow College. Waupaka, WI. ',78,'2014-08-28'),(398,1,'2008','12/19','Livestock Gross Margin for Dairy. UW-Extension, Agricultural and Natural Resources, Dairy Team monthly Wisline (5 locations). Madison, WI.',79,'2014-08-28'),(399,1,'2008','12/12','Feed efficiency in dairy cattle. Dairy Herd Management and Health Clinic, WI. 2 locations: Bargo and Arcadia. ',80,'2014-08-28'),(400,1,'2008','12/11','Livestock Gross Margin for Dairy. Clark County meeting. Loyal, WI.',81,'2014-08-28'),(401,1,'2008','12/10','Livestock Gross Margin for Dairy. UW-Arlington Dairy Day. Arlington, WI. ',82,'2014-08-28'),(402,1,'2008','12/10','Feed efficiency in dairy cattle. UW-Arlington Dairy Day. Arlington, WI. ',83,'2014-08-28'),(403,1,'2008','12/02','Livestock Gross Margin for Dairy. AgriServe meeting. Madison, WI. ',84,'2014-08-28'),(404,1,'2008','11/20','Livestock Gross Margin for Dairy. Progressive Dairy Producers of Wisconsin, Production Management Symposium. Appleton, WI. ',85,'2014-08-28'),(405,1,'2008','10/16','Corn substitution in dairy cattle diets. UW-Extension Agriculture and Natural Resources. Wisconsin Dells, WI. ',86,'2014-08-28'),(406,1,'2008','09/19','Livestock Gross Margin for Dairy. UW-Extension, Agricultural and Natural Resources, Dairy Team monthly Wisline (5 locations). Madison, WI.',87,'2014-08-28'),(407,1,'2008','09/12','Livestock Gross Margin for Dairy. Farm Management Update Seminar. Kimberly, WI. ',88,'2014-08-28'),(408,1,'2008','08/28','Corn substitution in dairy cattle diets. UW-Extension Agricultural Prices Special Conference. Wisconsin Dells, WI. ',89,'2014-08-28'),(409,1,'2008','06/25','Financial decision-making. Farm Management Meeting. Valders, WI.',90,'2014-08-28'),(410,1,'2008','06/20','Corn substitution in dairy cattle diets. UW-Extension, Agricultural and Natural Resources, Dairy Team monthly Wisline (6 locations). Madison, WI.',91,'2014-08-28'),(411,1,'2008','06/13','Livestock Gross Margin for Dairy. Eastern District Meeting. Appleton, WI.',92,'2014-08-28'),(412,2,'2013','11/13','Practical online decision support tools for dairy farm management. Penn State Extension Dairy Cattle Nutrition Workshop. Grantville, PA.',1,'2014-08-28'),(413,2,'2013','10/31','Development of a genomic testing decision support tool for Jersey dairy calves. ZOETIS Thought Leader Workshop. Kalamazoo, MI. ',2,'2014-08-28'),(414,2,'2013','04/08','Economic analysis tools for dairy reproduction programs. DAIRxNET Webinar.  ',3,'2014-08-28'),(415,2,'2013','03/26','Improving reproductive and economic performance using serum and milk based pregnancy test. ',4,'2014-08-28'),(416,2,'2013','02/11','New dairy software tools and they are free. Hoard’s Dairyman Webinar.  ',5,'2014-08-28'),(417,2,'2013','01/23','FeedVal 2012: An online decision tool to interactively estimate market value of dairy feed ingredients. 2013 Midwest Forage Association Symposium. Wisconsin Dells, WI. ',6,'2014-08-28'),(418,2,'2012','10/31','Dairy feed values, options and decision-making tools. 26th Annual Tri-State Agricultural Lender’s Seminar. Dubuque, IA. ',7,'2014-08-28'),(419,2,'2012','06/13','Grouping strategies for feeding lactating dairy cattle. Four-State Dairy Nutrition and Management Conference. Dubuque, IA. 2 times. ',8,'2014-08-28'),(420,2,'2012','05/04-05/02','Evaluation of using male and female sexed semen in dairy cattle. CRI-Genex Cooperative, Inc. Meeting. TX. 2 locations: Stephenville, Muleshoe. ',9,'2014-08-28'),(421,2,'2012','02/01','The integrated farm system model. Department of Agricultural and Biological Engineering. University of Florida. Gainesville, FL. ',10,'2014-08-28'),(422,2,'2012','01/31','Modeling dairy farm livelihoods. Outstanding Alumni Award, School of Natural Resources and Environment, University of Florida. Gainesville, FL.  ',11,'2014-08-28'),(423,2,'2011','11/11','Economics of resynchronization with chemical test to identify non-pregnant cows. Dairy Cattle Reproduction Council Annual Meeting. Kansas City, MO. ',12,'2014-08-28'),(424,2,'2011','09/01','Livestock Gross Margin for Dairy. Crop Insurance Industry Workshop Webinar. Bowie, MA.',13,'2014-08-28'),(425,2,'2011','07/12','The need for applied research and decision support tools in dairy farm management and decision-making. American Dairy Science Association Foundation Lecture. New Orleans, LA. ',14,'2014-08-28'),(426,2,'2011','05/11','The value of heat detection combined with synchronization reproductive programs. American Dairy Science Association 21st Discover Conference. Itasca, IL. ',15,'2014-08-28'),(427,2,'2011','05/10','The economic value of improving the 21-day pregnancy rate in dairy cattle. American Dairy Science Association 21st Discover Conference. Itasca, IL. ',16,'2014-08-28'),(428,2,'2011','05/06','Dairy reproductive economic analysis. Four-State Dairy Nutrition and Management Conference Planning Meeting. Dubuque, IA. ',17,'2014-08-28'),(429,2,'2010','11/12','Reproduction economics in dairy cattle. Dairy Cattle Reproduction Council Annual Meeting. St. Paul, MN. ',18,'2014-08-28'),(430,2,'2010','11/09','The dairy feed cost evaluator database tool. Tri-State Ag Lenders meeting. Dubuque, IA. ',19,'2014-08-28'),(431,2,'2010','11/09','Livestock Gross Margin for Dairy. Tri-State Ag Lenders meeting. Dubuque, IA.',20,'2014-08-28'),(432,2,'2010','06/10','The dairy feed cost evaluator database tool. Four-State Dairy Nutrition and Management Conference. Dubuque, IA. 2 times. ',21,'2014-08-28'),(433,2,'2010','04/27','Livestock Gross Margin for Dairy least cost tool. Pennsylvania State University Webinar. Harrisburg, PA.',22,'2014-08-28'),(434,2,'2010','02/05','Optimizing income over feed supplement cost. Ohio Dairy Health and Management Certificate Program: Module 5 Dairy Cattle Economics. Columbus, OH. ',23,'2014-08-28'),(435,2,'2010','02/05','Value of sexed semen. Ohio Dairy Health and Management Certificate Program: Module 5 Dairy Cattle Economics. Columbus, OH. ',24,'2014-08-28'),(436,2,'2010','02/05','Economic analysis of switching milking frequency. Ohio Dairy Health and Management Certificate Program: Module 5 Dairy Cattle Economics. Columbus, OH. ',25,'2014-08-28'),(437,2,'2010','02/02','Dairy management tools. South East Climate Consortium meeting. Gainesville, FL.',26,'2014-08-28'),(438,2,'2009','11/20-11/13','The value of sexed semen reproductive programs. Dairy Cattle Reproduction Council Annual Meeting. 2 locations: Boise, ID; St. Paul, MN. ',27,'2014-08-28'),(439,2,'2009','06/26','Livestock Gross Margin for Dairy. Washington State webinar. Seattle, WA.',28,'2014-08-28'),(440,2,'2009','06/11','Income over feed supplement cost decision support tool. Four-State Dairy Nutrition and Management Conference. Dubuque, IA. 2 times. ',29,'2014-08-28'),(441,2,'2009','05/27','Livestock Gross Margin for Dairy. Greenstone Farm Credit meeting. Lansing, MI. ',30,'2014-08-28'),(442,2,'2009','04/08','Price risk management using Livestock Gross Margin for Dairy. Dairy Policy Conference. Rochester, MN. ',31,'2014-08-28'),(443,2,'2008','06/12','Profit Opportunity Analyzer. Four-State Dairy Nutrition and ManHagement Post - Conference. Dubuque, IA. ',32,'2014-08-28'),(444,3,'2014','06/26','The application of simulators to improve profitability of dairy farms.XIX International Congress of Bovine Medicine. Oviedo, Spain. ',1,'2014-08-28'),(445,3,'2014','06/26','Group feeding management in dairy farming. XIX International Congress of Bovine Medicine. Oviedo, Spain. ',2,'2014-08-28'),(446,3,'2014','06/12','Group feeding. Improvement of the dairy farm enterprise. Continued Professional Development.  Blanca from the Pyrenees. Lleida, Spain. ',3,'2014-08-28'),(447,3,'2014','06/12','Labor management and organization. Improvement of the dairy farm enterprise. Continued Professional Development. Blanca from the Pyrenees. Lleida, Spain.  ',4,'2014-08-28'),(448,3,'2014','06/12','The herd value and its management implications. Improvement of the dairy farm enterprise. Continued Professional Development. Blanca from the Pyrenees. Lleida, Spain. 10-12 June 2014. ',5,'2014-08-28'),(449,3,'2014','06/12','The cow value and its management implications. Improvement of the dairy farm enterprise. Continued Professional Development. Blanca from the Pyrenees. Lleida, Spain. 10-12 June 2014. ',6,'2014-08-28'),(450,3,'2014','06/11','Feed price management. Improvement of the dairy farm enterprise. Continued Professional Development. Blanca from the Pyrenees. Lleida, Spain. 10-12 June 2014.  ',7,'2014-08-28'),(451,3,'2014','06/11','Value of reproductive programs. Improvement of the dairy farm enterprise. Continued Professional Development.  Blanca from the Pyrenees. Lleida, Spain. 10-12 June 2014. ',8,'2014-08-28'),(452,3,'2014','06/10','The challenge of growing the dairy farm. Improvement of the dairy farm enterprise. Continued Professional Development. Blanca from the Pyrenees. Lleida, Spain. 10-12 June 2014. ',9,'2014-08-28'),(453,3,'2014','03/12','Decision support tools for dairy farm management and decision-making with emphasis on reproduction and nutrition. First workshop of Alta-Cialis Advantage Group. Junín, Santa Fe, San Francisco, Esperanza, Argentina. Four times.',10,'2014-08-28'),(454,3,'2014','03/12','Strategies to improve economic efficiency of the dairy. Western Dairy Canadian Dairy Seminar. Red Deer, Canada.  ',11,'2014-08-28'),(455,3,'2013','11/21-01/01','DairyMGT.info decision support tools: Economics of reproductive programs in dairy cattle. Top Direction Program for Milk Producers Entrepreneurs. Tecnológico de Monterrey. Torreón, Mexico.',12,'2014-08-28'),(456,3,'2013','11/21-01/01','DairyMGT.info decision support tools: The Economic value of a dairy cow. Top Direction Program for Milk Producers Entrepreneurs. Tecnológico de Monterrey. Torreón, Mexico.',13,'2014-08-28'),(457,3,'2013','11/21-01/01','DairyMGT.info decision support tools: Grouping strategies for nutritional feeding. Top Direction Program for Milk Producers Entrepreneurs. Tecnológico de Monterrey. Torreón, Mexico.',14,'2014-08-28'),(458,3,'2013','11/21-01/01','DairyMGT.info decision support tools: FeedVal 2012. Top Direction Program for Milk Producers Entrepreneurs. Tecnológico de Monterrey. Torreón, Mexico.',15,'2014-08-28'),(459,3,'2013','11/06','DairyMGT.info decision support tools. Mexico-Toluca visitors. Madison, WI.',16,'2014-08-28'),(460,3,'2013','11/05','DairyMGT.info and dairy cattle reproductive efficiency evaluation. Genus ABS Global TS Meeting. Worldwide attendees. Madison, WI.',17,'2014-08-28'),(461,3,'2013','10/03','Dairy management decision support tools at DairyMGT.info. Consultants from Israel.',18,'2014-08-28'),(462,3,'2013','10/01','Integrated dairy farm economic and environmental assessment of management strategies. Milkpoint group from Brazil. Attendees from Brazil. ',19,'2014-08-28'),(463,3,'2013','09/27','Dairy management decision support tools at DairyMGT.info. CREA Argentina group meeting. Argentina.',20,'2014-08-28'),(464,3,'2013','09/11','Decision making tools for dairy producers. 13th INTERLEITE. International Symposium on Competitive Milk Production. Uberlândia, Minas Gerais State, Brazil.  ',21,'2014-08-28'),(465,3,'2013','09/10','Determining the true value of dairy feeds. 13th INTERLEITE. Advanced Course of Decision-Making Tools for Dairy Farms. Uberlândia, Minas Gerais, Brazil. ',22,'2014-08-28'),(466,3,'2013','09/10','Economic evaluation of reproductive programs for cows. 13th INTERLEITE. Advanced Course of Decision-Making Tools for Dairy Farms. Uberlândia, Minas Gerais, Brazil. ',23,'2014-08-28'),(467,3,'2013','09/10','Nutritional grouping strategies for dairy lactating cows. 13th INTERLEITE. Advanced Course of Decision-Making Tools for Dairy Farms. Uberlândia, Minas Gerais, Brazil. ',24,'2014-08-28'),(468,3,'2013','09/10','True pregnancy rate of heifers and optimal raising patterns. 13th INTERLEITE. Advanced Course of Decision-Making Tools for Dairy Farms. Uberlândia, Minas Gerais, Brazil. ',25,'2014-08-28'),(469,3,'2013','09/10','Economic value of a dairy cow and optimal replacement policies: Part 2. 13th INTERLEITE. Advanced Course of Decision-Making Tools for Dairy Farms. Uberlândia, Minas Gerais, Brazil. ',26,'2014-08-28'),(470,3,'2013','09/10','Economic value of a dairy cow and optimal replacement policies: Part 1. 13th INTERLEITE. Advanced Course of Decision-Making Tools for Dairy Farms. Uberlândia, Minas Gerais, Brazil. ',27,'2014-08-28'),(471,3,'2013','07/23','Economic impact of dairy cow management. Czech Summer School. Jistebnice, Czech Republic.  ',28,'2014-08-28'),(472,3,'2013','07/22','Economic models for dairy management evaluation. Czech Summer School. Prague, Czech Republic. ',29,'2014-08-28'),(473,3,'2013','07/18','Mastitis economics and Web-based decision support tools. Czech Summer School. Jihlava, Czech Republic.  ',30,'2014-08-28'),(474,3,'2013','07/17','Principles of dairy herd management economic evaluation. Czech Summer School. Brno, Czech Republic. ',31,'2014-08-28'),(475,3,'2013','07/17','Effect of mastitis on milk production and profitability. Czech Summer School. Brno, Czech Republic. ',32,'2014-08-28'),(476,3,'2013','07/05','Strategies for nutritional grouping. Congreso ESGAL 2013. Puerto Vallarta, Mexico. ',33,'2014-08-28'),(477,3,'2013','07/05','Economic impact of reproductive performance. Congreso ESGAL 2013. Puerto Vallarta, Mexico. ',34,'2014-08-28'),(478,3,'2013','06/11','Tools for decision-making. Babcock Institute SanCor (Argentina) Training Program. Madison, WI. Attendees from Argentina. ',35,'2014-08-28'),(479,3,'2013','05/17','The economic value of a dairy cow. COPRINSEM Annual Meeting. San Fernando, Chile. ',36,'2014-08-28'),(480,3,'2013','05/17','Nutritional grouping strategies for lactating cows. COPRINSEM Annual Meeting. San Fernando, Chile. ',37,'2014-08-28'),(481,3,'2013','05/15','Dairy management decision support tools available at the UW-Dairy Management website. COPRINSEM Annual Meeting. Osorno, Chile.',38,'2014-08-28'),(482,3,'2013','05/14','The economic value of a dairy cow. COPRINSEM Annual Meeting. Osorno, Chile. ',39,'2014-08-28'),(483,3,'2013','05/14','Economic value of reproductive management programs in dairy farming. COPRINSEM Annual Meeting. Osorno, Chile. ',40,'2014-08-28'),(484,3,'2013','05/14','Nutritional grouping strategies for lactating cows. COPRINSEM Annual Meeting. Osorno, Chile. ',41,'2014-08-28'),(485,3,'2013','05/09','The economic impact of clinical mastitis: Direct and indirect losses. 2013 Mercolactea Seminar Series. San Francisco, Argentina.  (TV interview) ',42,'2014-08-28'),(486,3,'2013','05/07','Economic analysis of culls and replacements: Part II. 2013 Pre-Mercolactea Seminar Series. San Francisco, Argentina. ',43,'2014-08-28'),(487,3,'2013','05/07','Economic analysis of culls and replacements: Part I. 2013 Pre-Mercolactea Seminar Series. San Francisco, Argentina. ',44,'2014-08-28'),(488,3,'2013','05/06','Economic effect of switching from 2 to 3 daily milkings. 2013 Pre-Mercolactea Seminar Series. San Francisco, Argentina. ',45,'2014-08-28'),(489,3,'2013','05/06','The economic impact of clinical mastitis: Direct and indirect losses. 2013 Pre-Mercolactea Seminar Series. San Francisco, Argentina. ',46,'2014-08-28'),(490,3,'2013','04/24','The need for collecting and using farm records. La Molina Agrarian University and Association of Dairy Farm Small Producers San Felipe. Huacho, Peru. ',47,'2014-08-28'),(491,3,'2013','04/17','Economics of different breeding programs in dairy heifers. CEVA Santé Animale. Barcelona, Spain. ',48,'2014-08-28'),(492,3,'2013','02/20','Dairy management decision support tools available at the UW-Dairy Management website. Madison, WI. Attendees from Czech Republic.',49,'2014-08-28'),(493,3,'2013','02/06','The UW-DairyRepro$Plus to value reproductive programs in Japan. Veterinarian Services Webinar. Gunma, Japan.',50,'2014-08-28'),(494,3,'2012','11/22','Financial status of an enterprise. Technological University of Costa Rica. San Carlos, Costa Rica. ',51,'2014-08-28'),(495,3,'2012','11/22','Buy or sale an enterprise. Technological University of Costa Rica. San Carlos, Costa Rica. ',52,'2014-08-28'),(496,3,'2012','11/20','Systems to help in the decisions of economic analysis on dairy cattle reproductive programs. Veritas University, Veterinarian School. Heredia, Costa Rica. ',53,'2014-08-28'),(497,3,'2012','11/19','Systems to help in the decisions of economic analysis on dairy cattle reproductive programs. Costa Rica Agrarian National University, Veterinarian School. Heredia, Costa Rica. ',54,'2014-08-28'),(498,3,'2012','10/08','Economics of reproductive programs. Madison, WI. Attendees from Bulgaria. ',55,'2014-08-28'),(499,3,'2012','08/23','Economic value of a dairy cow. Visitors from Czech Republic. Madison, Wi. Attendees from Czech Republic. ',56,'2014-08-28'),(500,3,'2012','08/17','Cash flow for a farm business enterprise. CRSP Hort USAID. Madison, WI. Attendees from Central America. ',57,'2014-08-28'),(501,3,'2012','08/17','Balance of income and expenses for a farm business enterprise. CRSP Hort USAID. Madison, WI. Attendees from Central America. ',58,'2014-08-28'),(502,3,'2012','07/05','The UW-DairyRepro$Plus to analyze the use of heat detection devices. Westfalia-GEA Webinar. Lima, Peru.',59,'2014-08-28'),(503,3,'2012','06/28','Cow value, the value of a new pregnancy, and the cost of an abortion. International Symposium: Advancements in Milk Production. Lima, Peru. ',60,'2014-08-28'),(504,3,'2012','06/27','Dairy management decision support systems to improve milk production. La Molina Agrarian University meeting. Lima, Peru.',61,'2014-08-28'),(505,3,'2012','05/29','Determining the cow value and perform replacement decisions. University of Pristine. Department of Animal Husbandry, Faculty of Agriculture. Pristine, Kosovo. ',62,'2014-08-28'),(506,3,'2012','05/29','Benchmarking dairy farms. Kosovo Ministry of Agriculture meeting. Pristine, Kosovo.',63,'2014-08-28'),(507,3,'2011','11/25','Economics of dairy reproduction. USAID Farmer-to-Farmer program. Camoapa, Nicaragua. ',64,'2014-08-28'),(508,3,'2011','11/25','Benchmarking income over feed cost in dairy farms. USAID Farmer-to-Farmer program. Camoapa, Nicaragua ',65,'2014-08-28'),(509,3,'2011','11/25','The farm business plan. Seeds of Hope meeting. Granada, Nicaragua. ',66,'2014-08-28'),(510,3,'2011','11/18','Economics of reproduction in Argentinian conditions. DairyTech Annual Meeting. Rosario, Argentina. ',67,'2014-08-28'),(511,3,'2011','11/18','The value of improving the 21-day pregnancy rate in dairy cattle. DairyTech Annual Meeting. Rosario, Argentina. ',68,'2014-08-28'),(512,3,'2011','11/18','Analysis of Argentina reproduction parameters. DairyTech Annual Meeting. Rosario, Argentina. ',69,'2014-08-28'),(513,3,'2011','10/24','The UW-DairyRepro$ decision support system. UW-Madison Babcock Institute USDA Cochran Program Meeting. Madison, WI. Attendees from Bosnia-Herzegovina. ',70,'2014-08-28'),(514,3,'2011','08/22','The UW-DairyRepro$ decision support system. UW-Madison Babcock Institute Land O’Lakes Program Meeting. Madison, WI. Attendees from Philippines. ',71,'2014-08-28'),(515,3,'2011','06/16','Benchmarking and analyzing income over feed cost in dairy farm systems. International Symposium: Advancements in Milk Production. Lima, Peru. ',72,'2014-08-28'),(516,3,'2011','06/16','Economics of reproductive programs in dairy farming. International Symposium: Advancements in Milk Production. Lima, Peru. ',73,'2014-08-28'),(517,3,'2011','06/14','Economics of reproductive programs in dairy farming. Andes University Symposium. Huancayo, Peru. ',74,'2014-08-28'),(518,3,'2011','05/12','Price risk management and least cost contracts with Livestock Gross Margin for Dairy. AgroMoney Symposium. Mexico City, Mexico. ',75,'2014-08-28'),(519,3,'2010','12/01','Development of farm decision support tools. Seeds of Hope meeting. San Pedro de Sula, Honduras. ',76,'2014-08-28'),(520,3,'2010','11/08','UW-DairyRepro$ decision support system. UW-Madison Babcock Institute Program Meeting. Madison, WI. Attendees from Philippines. ',77,'2014-08-28'),(521,3,'2010','10/05','Dairy farming in Wisconsin. UW-Madison Babcock Institute Cochran Program Meeting. Madison, WI. Attendees from Venezuela. ',78,'2014-08-28'),(522,3,'2010','10/05','UW-DairyRepro$ decision support system. UW-Madison Babcock Institute Program Meeting. Madison, WI. Attendees from South and Central America. ',79,'2014-08-28'),(523,3,'2010','10/05','UW-DairyRepro$ decision support system. UW-Madison Babcock Institute Program Meeting. Madison, WI. Attendees from Iran, China, and Russia. ',80,'2014-08-28'),(524,3,'2010','05/13','The economics of using sexed semen in dairy farming. Mercolactea Seminar Series. San Francisco, Argentina. ',81,'2014-08-28'),(525,3,'2010','05/13','Dairy management and decision-making decision support tools. Mercolactea Seminar Series. San Francisco, Argentina. ',82,'2014-08-28'),(526,3,'2010','05/12','The economics of using sexed semen in dairy farming. APROCAL-Babcock workshop. San Francisco, Argentina. ',83,'2014-08-28'),(527,3,'2010','05/12','Replacement decisions in dairy farming. APROCAL-Babcock workshop. San Francisco, Argentina. ',84,'2014-08-28'),(528,3,'2010','05/12','The income over feed cost, income over feed supplement cost and benchmarking analyses. APROCAL-Babcock workshop. San Francisco, Argentina. ',85,'2014-08-28'),(529,3,'2010','05/12','The decision of switching between 2 and 3 milking times in a day. APROCAL-Babcock workshop. San Francisco, Argentina. ',86,'2014-08-28'),(530,3,'2010','05/12','Dairy management decision support systems. APROCAL-Babcock workshop. San Francisco, Argentina. ',87,'2014-08-28'),(531,3,'2010','04/05','Dairy management webpage. COOPRINSEM meeting. Osorno, Chile',88,'2014-08-28'),(532,3,'2010','03/23','Strategies for supplementation in grazing dairy farms. International meeting of milk production systems. Tepatitlan, Mexico. ',89,'2014-08-28'),(533,3,'2009','11/04','The value of sexed semen programs. Ferraroni S.P.A. Dairy Farm School webinar. Sardine, Italy. ',90,'2014-08-28'),(534,3,'2009','11/04','The cost-benefit of accelerated feeding programs. Ferraroni S.P.A. Dairy Farm School webinar. Sardine, Italy. ',91,'2014-08-28'),(535,3,'2009','06/26-06/22','The value of sexed semen reproductive programs. 2nd Regional Encounter of ALPURA. Mexico. 5 locations: Chihuahua, Torreon, Mexico City, Queretaro, Leon. ',92,'2014-08-28'),(536,3,'2009','06/26-06/22','Optimizing the income over feed supplement cost. 2nd Regional Encounter of ALPURA. Mexico. 5 locations: Chihuahua, Torreon, Mexico City, Queretaro, Leon. ',93,'2014-08-28'),(537,3,'2008','08/08','Dairy management. UW-Madison Babcock Institute Program Meeting. Madison, WI. Attendees from Philippines. ',94,'2014-08-28');

/*Table structure for table `category_files` */

DROP TABLE IF EXISTS `category_files`;

CREATE TABLE `category_files` (
  `id` int(10) unsigned NOT NULL AUTO_INCREMENT,
  `content_id` int(11) unsigned NOT NULL,
  `name` varchar(255) DEFAULT NULL,
  `filename` varchar(400) DEFAULT NULL,
  `type` varchar(50) DEFAULT NULL,
  PRIMARY KEY (`id`),
  KEY `aa` (`content_id`),
  CONSTRAINT `asss` FOREIGN KEY (`content_id`) REFERENCES `category_contents` (`id`) ON DELETE CASCADE
) ENGINE=InnoDB AUTO_INCREMENT=415 DEFAULT CHARSET=latin1;

/*Data for the table `category_files` */

insert  into `category_files`(`id`,`content_id`,`name`,`filename`,`type`) values (246,320,'Presentation','DairyMGT-Tools.pdf','file'),(247,321,'Presentation','OrganicSurvey.pdf','file'),(248,322,'Presentation','OrganicSurvey.pdf','file'),(249,323,'Presentation','FBPMGrouping.pdf','file'),(250,324,'Presentation','IFSM-Strategies.pdf','file'),(251,325,'Presentation','Progressive_Grouping_Strategies.pdf','file'),(252,326,'Presentation','ReproCowValue.pdf','file'),(253,329,'Presentation','2012.11.1.NewLondon.pdf','file'),(254,330,'Presentation','Grouping%20Strategies.pdf','file'),(255,331,'Presentation','Economic%20Value%20of%20a%20Dairy%20Cow.pdf','file'),(256,332,'Presentation','2012_AcceleratedGenetics.pdf','file'),(257,333,'Presentation','2012_Millhome_Kaukauna.pdf','file'),(258,335,'Presentation','2012_Madison.pdf','file'),(259,336,'Presentation','2012_ReproGrouping_Cabrera.pdf','file'),(260,337,'Presentation','2012_ReproMoney_Cabrera.pdf','file'),(261,337,'TV Interview','http://wearegreenbay.com/fulltext?nxd_id=108632','link'),(262,338,'Presentation','2011_Arlington_Cabrera.pdf','file'),(263,339,'Presentation','2011_ANRE_Cabrera.pdf','file'),(264,340,'Presentation','2011_ANRE_Cabrera(b).pdf','file'),(265,341,'Presentation','2011_Wisline_Cabrera.pdf','file'),(266,342,'Presentation','2011_UWEX_Cabrera.pdf','file'),(267,343,'Presentation','LGM-Overview.pdf','file'),(268,345,'Presentation','LGM-dairy.pdf','file'),(269,347,'Presentation','2011_LGM-Dairy_Cabrera.pdf','file'),(270,348,'Presentation','LGM-Overview.pdf','file'),(271,351,'Presentation','2010_Arlington_Cordoba.pdf','file'),(272,354,'Presentation','2010_SaukCity_Cabrera.pdf','file'),(273,357,'Presentation','2010_ANRE_Cabrera.pdf','file'),(274,358,'Presentation','2010_Watertown_Cabrera.pdf','file'),(275,362,'Presentation','benchmarking_wisconsin_dairies_august10.pdf','file'),(276,363,'Presentation','an_economic_decision_making_model_for_comparing_reproductive_management_programs_in_dairy_herds_september14.pdf','file'),(277,365,'Presentation','2010_WisconsinDells_Cabrera.pdf','file'),(278,366,'Presentation','benchmarking_wisconsin_dairies_august10.pdf','file'),(279,372,'Presentation','2010-3.11.pdf','file'),(280,375,'Presentation','IOFC_Optimists_10.pdf','file'),(281,376,'Presentation','ccollege10_10.pdf','file'),(282,377,'Presentation','ANRE-AFRI-NIFA_10.pdf','file'),(283,378,'Presentation','Waldo_Dec09.pdf','file'),(284,379,'Presentation','AAEA_Aug09.pdf','file'),(285,380,'Presentation','Vocational_Jul09.pdf','file'),(286,381,'Presentation','Repro_Jun09.pdf','file'),(287,383,'Presentation','FlyingFarmers_Apr09.pdf','file'),(288,385,'Presentation','FiveTools.pdf','file'),(289,389,'Presentation','HOF2_Mar09.pdf','file'),(290,391,'Presentation','USDA-AFRI.pdf','file'),(291,393,'Presentation','Platteville_Feb09.pdf','file'),(292,394,'Presentation','Quality_Feb09.pdf','file'),(293,396,'Presentation','Roadshow_Jan09-1.pdf','file'),(294,397,'Presentation','CowCollege_Jan09.pdf','file'),(295,399,'Presentation','HealthClinic_Dec08.pdf','file'),(296,401,'Presentation','2008-12.10-1.pdf','file'),(297,402,'Presentation','2008-12.10-2.pdf','file'),(298,403,'Presentation','Agriserve_Dec08.pdf','file'),(299,404,'Presentation','PDPW_Nov08.pdf','file'),(300,405,'Presentation','NC1042_Oct08.pdf','file'),(301,407,'Presentation','Eastern_Sep08.pdf','file'),(302,408,'Presentation','ANRE_Aug08.pdf','file'),(303,413,'Presentation','JerseyGenomics.pdf','file'),(304,414,'Presentation','DAIReXNET.pdf','file'),(305,414,'Webinar','https://connect.extension.iastate.edu/p31j4yf8019/?launcher=false&fcsContent=true&pbMode=normal','link'),(306,415,'Presentation','ChemicalPregTest.pdf','file'),(307,416,'Presentation','DairyMGT.info_Tools_2013-02-11.pdf','file'),(308,416,'Webinar','http://www.hoards.com/webinararchives_13-feb','link'),(309,417,'Presentation','MFA_FeedVal12.pdf','file'),(310,418,'Presentation','2012.10.31.Dubuque.pdf','file'),(311,419,'Presentation','2012_Dubuque.pdf','file'),(312,420,'Presentation','2012_Texas.pdf','file'),(313,421,'Presentation','2012_Florida.pdf','file'),(314,422,'Presentation','2012_SNRE_Cabrera.pdf','file'),(315,422,'Broadcast','http://icsde.ifas.ufl.edu/Accordent/live/NRE1-31-12/main.htm?type=ms&bandwidth=high&audioonly=no&archived=visible&layout=videoright','link'),(316,423,'Presentation','2011-11.11.pdf','file'),(317,425,'Presentation','2011_ADSA_Cabrera.pdf','file'),(318,426,'Presentation','2011_ADSA_Cabrera(b).pdf','file'),(319,427,'Presentation','2011_Discover_Cabrera.pdf','file'),(320,428,'Presentation','2011_4STATE_Cabrera.pdf','file'),(321,429,'Presentation','2010-11.12.pdf','file'),(322,430,'Presentation','2010-11.9.pdf','file'),(323,432,'Presentation','2010_Dubuque_Cabrera.pdf','file'),(324,434,'Presentation','IOFSC_10.pdf','file'),(325,435,'Presentation','2010-2.5-2.pdf','file'),(326,436,'Presentation','2010-2.5-3.pdf','file'),(327,438,'Presentation','DCRC_Nov09.pdf','file'),(328,440,'Presentation','4State_Jun09.pdf','file'),(329,441,'Presentation','Greenstone_May09.pdf','file'),(330,442,'Presentation','Policy_Apr09.pdf','file'),(331,443,'Presentation','4State_Jun08.pdf','file'),(332,444,'Presentation in Spanish','Cabrera_ANEMBE_SimuladorsEspañol.pdf','file'),(333,445,'Presentation in Spanish','Dietary_Grouping_Cabrera_ANEMBE_14.pdf','file'),(334,446,'Presentation in Spanish','7.GruposAlimentacionPPT.pdf','file'),(335,447,'Presentation in Spanish','6.LaborPPT.pdf','file'),(336,448,'Presentation in Spanish','5.ValorRebañoPPT.pdf','file'),(337,449,'Presentation in Spanish','4.ValorVacaPPT.pdf','file'),(338,450,'Presentation in Spanish','3.FeedValPPT.pdf','file'),(339,451,'Presentation in Spanish','2.ReproPPT.pdf','file'),(340,452,'Presentation in Spanish','1.CrecerPPT.pdf','file'),(341,454,'Presentation','Strategies_Economic_Efficiency.pdf','file'),(342,462,'Presentation','IFSM-Strategies.pdf','file'),(343,464,'Presentation','9-11-English.pdf','file'),(344,464,'Presentation in Protuguese','9-11-Portug.pdf','file'),(345,465,'Presentation','9-10-TrueValueFeeds.pdf','file'),(346,466,'Presentation','9-10-ReproEconomics.pdf','file'),(347,467,'Presentation','9-10-NutritionalGrouping.pdf','file'),(348,468,'Presentation','9-10-HeiferTruePregnancy.pdf','file'),(349,469,'Presentation','9-10-EconomicValueCow1.pdf','file'),(350,470,'Presentation','9-10-EconomicValueCow2.pdf','file'),(351,471,'Presentation','July23-2hr.pdf','file'),(352,471,'Presentation in Czech','July23-2hrCzech.pdf','file'),(353,472,'Presentation','July22-2hr.pdf','file'),(354,473,'Presentation','July18-1.5hr.pdf','file'),(355,473,'Presentation in Czech','July18-1.5hrCzech.pdf','file'),(356,474,'Presentation','July17-PM-2hr.pdf','file'),(357,475,'Presentation','July17-AM-2hr.pdf','file'),(358,476,'Presentation','Esgal13Loteo.pdf','file'),(359,477,'Presentation','Esgal13Repro.pdf','file'),(360,478,'Presentation','S%20-%20Good%20Dairy%20Management.pdf','file'),(361,479,'Presentation','EspanolValorVaca.pdf','file'),(362,480,'Presentation','EspanolLoteo.pdf','file'),(363,482,'Presentation','EspanolValorVaca.pdf','file'),(364,483,'Presentation','EspanolReproduccion.pdf','file'),(365,484,'Presentation','EspanolLoteo.pdf','file'),(366,485,'Presentation','MastitisClinicas.pdf','file'),(367,485,'TV interview','http://videos.engormix.com/en/22730/01561-mp4/p0.htm','link'),(368,485,'Live Presentation','http://videos.engormix.com/es/22802/01556-01557-mp4/p0.htm','link'),(369,486,'Presentation','2-Descartes%20y%20reemplazos.pdf','file'),(370,487,'Presentation','1-Descartes%20y%20reemplazos.pdf','file'),(371,488,'Presentation','MastitisClinicas.pdf','file'),(372,489,'Presentation','MastitisClinicas.pdf','file'),(373,490,'Presentation','Huacho13.pdf','file'),(374,491,'Presentation','Spain13.pdf','file'),(375,494,'Presentation','11.22.12.CostaRica1.pdf','file'),(376,495,'Presentation','11.22.12.CostaRica2.pdf','file'),(377,496,'Presentation','11.20.12.CostaRica.pdf','file'),(378,497,'Presentation','11.19.12.CostaRica.pdf','file'),(379,498,'Presentation','2012-10-8.pdf','file'),(380,499,'Presentation','2012_CzechReprublic.pdf','file'),(381,500,'Presentation','2012_CentralAmerica_CashFlow.pdf','file'),(382,501,'Presentation','2012_CentralAmerica_Balances.pdf','file'),(383,503,'Presentation','2012_Peru.pdf','file'),(384,505,'Presentation','2012_Kosovo.pdf','file'),(385,507,'Presentation','2011-11.25-1.pdf','file'),(386,508,'Presentation','2011-11.25-2.pdf','file'),(387,509,'Presentation','2011-11.25-3.pdf','file'),(388,510,'Presentation','2011-11.18-1.pdf','file'),(389,511,'Presentation','2011-11.18-2.pdf','file'),(390,512,'Presentation','2011-11.18-3.pdf','file'),(391,513,'Presentation','2011-10.24.pdf','file'),(392,514,'Presentation','2011-8.22.pdf','file'),(393,515,'Presentation','2011-6.16-1.pdf','file'),(394,516,'Presentation','2011-6.16-2.pdf','file'),(395,517,'Presentation','2011-6.16-2.pdf','file'),(396,518,'Presentation','2011_Mexico_Cabrera.pdf','file'),(397,519,'Presentation','2010-12.1.pdf','file'),(398,520,'Presentation','2010-11.8.pdf','file'),(399,521,'Presentation','2010-10.5-1.pdf','file'),(400,522,'Presentation','2010-10.5-2.pdf','file'),(401,523,'Presentation','2010-11.8.pdf','file'),(402,524,'Presentation','2010-5.13-1.pdf','file'),(403,525,'Presentation','2010-5.13-2.pdf','file'),(404,526,'Presentation','2010-5.13-1.pdf','file'),(405,527,'Presentation','2010-5.12-2.pdf','file'),(406,528,'Presentation','2010-5.12-3.pdf','file'),(407,529,'Presentation','2010-5.12-4.pdf','file'),(408,530,'Presentation','2010-5.13-2.pdf','file'),(409,532,'Presentation','2010-3.23.pdf','file'),(410,533,'Presentation','Ferarroni_Nov09.pdf','file'),(411,534,'Paper','Ferraroni2_Nov09.pdf','file'),(412,535,'Paper','Alpura2_Jun09.pdf','file'),(413,536,'Paper','Alpura_Jun09.pdf','file'),(414,537,'Presentation','Babcock_Aug08.pdf','file');

/*!40101 SET SQL_MODE=@OLD_SQL_MODE */;
/*!40014 SET FOREIGN_KEY_CHECKS=@OLD_FOREIGN_KEY_CHECKS */;
/*!40014 SET UNIQUE_CHECKS=@OLD_UNIQUE_CHECKS */;
/*!40111 SET SQL_NOTES=@OLD_SQL_NOTES */;
