/*
SQLyog Community v11.24 (32 bit)
MySQL - 5.5.16 : Database - presentations
*********************************************************************
*/


/*!40101 SET NAMES utf8 */;

/*!40101 SET SQL_MODE=''*/;

/*!40014 SET @OLD_UNIQUE_CHECKS=@@UNIQUE_CHECKS, UNIQUE_CHECKS=0 */;
/*!40014 SET @OLD_FOREIGN_KEY_CHECKS=@@FOREIGN_KEY_CHECKS, FOREIGN_KEY_CHECKS=0 */;
/*!40101 SET @OLD_SQL_MODE=@@SQL_MODE, SQL_MODE='NO_AUTO_VALUE_ON_ZERO' */;
/*!40111 SET @OLD_SQL_NOTES=@@SQL_NOTES, SQL_NOTES=0 */;
CREATE DATABASE /*!32312 IF NOT EXISTS*/`presentations` /*!40100 DEFAULT CHARACTER SET latin1 */;


/*Table structure for table `pub_categories` */

DROP TABLE IF EXISTS `pub_categories`;

CREATE TABLE `pub_categories` (
  `id` int(11) unsigned NOT NULL AUTO_INCREMENT,
  `name` varchar(255) DEFAULT NULL,
  `parent` int(11) DEFAULT NULL,
  `clickable` tinyint(1) DEFAULT '1',
  `store_folder` varchar(55) DEFAULT NULL,
  PRIMARY KEY (`id`)
) ENGINE=InnoDB AUTO_INCREMENT=25 DEFAULT CHARSET=latin1;

/*Data for the table `pub_categories` */

insert  into `pub_categories`(`id`,`name`,`parent`,`clickable`,`store_folder`) values (1,'Research Publications',0,0,NULL),(2,'Extension Publications',0,0,NULL),(3,'Journal articles ',1,1,'protected'),(4,'Chapters in books ',1,1,'books'),(5,'Contributed papers and/or abstracts',1,1,NULL),(6,'List of invited research presentations',1,1,NULL),(7,'Theses',1,1,NULL),(8,'Refereed journal publications',2,1,'protected'),(9,'Chapters in books',2,1,'books'),(10,'Refereed abstracts/paper proceedings',2,1,NULL),(11,'Invited papers in conference proceedings',2,1,NULL),(12,'Other outreach publications',2,1,'extension_publications'),(13,'Magazine articles',2,1,'extension_publications'),(14,'Newspaper articles',2,1,'extension_publications'),(15,'Contributing news/magazine/podcast articles',2,1,'extension_publications'),(16,'Hoard\'s Dairyman (http://www.hoards.com)',15,1,'extension_publications'),(17,'Progressive Dairyman (http://progressivedairy.com)',15,1,'extension_publications'),(18,'Dairy Herd Magazine (http://DairyHerd.com',15,1,'extension_publications'),(19,'AgWeb (http://AgWeb.com)',15,1,'extension_publications'),(20,'Agri-View (http://AgriView.com)',15,1,'extension_publications'),(21,'Wisconsin Agriculturist',15,1,'extension_publications'),(22,'UW Cooperative Extension (http://fyi.uwex.edu/news) and County Extension Newsletters',15,1,'extension_publications'),(23,'UW College of Agriculture and Life Sciences News (http://news.cals.wisc.edu)',15,1,'extension_publications'),(24,'Miscellaneous',15,1,'extension_publications');

/*Table structure for table `pub_category_contents` */

DROP TABLE IF EXISTS `pub_category_contents`;

CREATE TABLE `pub_category_contents` (
  `id` int(10) unsigned NOT NULL AUTO_INCREMENT,
  `category_id` int(10) unsigned NOT NULL,
  `title` text,
  `order` int(11) DEFAULT NULL,
  `created_date` date DEFAULT NULL,
  PRIMARY KEY (`id`),
  KEY `xcx` (`category_id`),
  CONSTRAINT `sds` FOREIGN KEY (`category_id`) REFERENCES `pub_categories` (`id`) ON DELETE CASCADE
) ENGINE=InnoDB AUTO_INCREMENT=1276 DEFAULT CHARSET=latin1;

/*Data for the table `pub_category_contents` */

insert  into `pub_category_contents`(`id`,`category_id`,`title`,`order`,`created_date`) values (958,3,'Krpalkova, L, <b>V. E. Cabrera</b>, J. Kvapilik, J. Burdych, and P. Crump. In press 2014. Associations between age at first calving, rearing average daily weight gain, herd milk yield level and dairy herd production, reproduction, and profitability of costs. Journal of Dairy Science 00:00-00.',2,'2014-09-18'),(959,3,'Dutreuil, M., M. Wattiaux, C. A. Hardie, and <b>V. E. Cabrera</b>. 2014. Feeding strategies and manure management for cost effective mitigation of greenhouse gas emissions from dairy farms in Wisconsin. Journal of Dairy Science 97:5904-5917.',3,'2014-09-18'),(960,3,'Hardie, C., M. Wattiaux, M. Dutreuil, R. Gildersleeve, N. Keuler, and <b>V. E. Cabrera</b>. 2014. Feeding strategies on certified organic dairy farms in Wisconsin and their impact on milk production and income over feed costs. Journal of Dairy Science 97:4612-4623.',4,'2014-09-18'),(961,3,'<b>Cabrera, V. E.</b> 2014. Economics of fertility in high-yielding dairy cows on confined TMR systems. Animal 8:211-221.',5,'2014-09-18'),(962,3,'Krpalkova, L, <b>V. E. Cabrera</b>, M. Vacek, M. Stipkova, L. Stadnik, and P. Crump. In press. Impact of prepubertal and postpubertal growth and age at first calving on production and reproduction traits during the first 3 lactations in Holstein dairy cattle. Journal of Dairy Science 97:3017-3027.',6,'2014-09-18'),(963,3,'Shahinfar, S, A. Kalantari, <b>V. E. Cabrera</b>, K. Weigel. 2014. Short communication: Prediction of retention pay-off using a Machine Learning algorithm. Journal of Dairy Science 97:2949-2952.',7,'2014-09-18'),(964,3,'Shahinfar, S., D. Page, J. Guenther, <b>V. E. Cabrera</b>, P. Fricke, and K. Weigel. 2014. Prediction of insemination outcomes in Holstein dairy cattle using alternative Machine Learning algorithms. Journal of Dairy Science 97:731-742.',8,'2014-09-18'),(965,3,'Giordano, J. O., P. M. Fricke, and <b>V. E. Cabrera</b>. 2013. Economics of resynchronization strategies including chemical tests to identify non-pregnant cows. Journal of Dairy Science 96:949-961.',9,'2014-09-18'),(966,3,'Kalantari, A. S., and <b>V. E. Cabrera</b>. 2012. The effect of reproductive performance on the dairy cattle herd value assessed by integrating a daily dynamic programming with a daily Markov chain model. . Journal of Dairy Science 95:6160–6170',10,'2014-09-18'),(967,3,'Giordano, J. O., A. Kalantari, P. M. Fricke, M. C. Wiltbank, and <b>V. E. Cabrera</b>. 2012. A daily herd Markov-chain model to study the reproductive and economic impact of reproductive programs combining timed artificial insemination and estrous detection. . Journal of Dairy Science 95:5442-5460',11,'2014-09-18'),(968,3,'<b>Cabrera, V. E.</b> 2012. A simple formulation and solution to the replacement problem: A practical tool to assess the economic cow value, the value of a new pregnancy, and the cost of a pregnancy loss. . Journal of Dairy Science 95:4683-4698',12,'2014-09-18'),(969,3,'Giordano, J. O., P. M. Fricke, M. C. Wiltbank, and <b>V. E. Cabrera</b>. 2011. An economic decision-making decision support system for selection of reproductive management programs on dairy farms. . Journal of Dairy Science 94:6216-6232',13,'2014-09-18'),(970,3,'Valvekar, M., J. P. Chavas, B. W. Gould, and <b>V. E. Cabrera</b>. 2011. Revenue risk management, risk aversion and the use of Livestock Gross Margin for Dairy Cattle insurance. . Agricultural Systems 104:671-678',14,'2014-09-18'),(971,3,'<b>Cabrera, V. E.</b>, and J. M. Janowski. 2011. Wisconsin dairy business and production survey: Comparison between farms planning to expand and farms not planning to expand. . Journal of Extension 3RIB1',15,'2014-09-18'),(972,3,'Pinzón-Sánchez, C., <b>V. E. Cabrera</b>, and P. L. Ruegg. 2011. Decision tree analysis of treatment strategies for mild and moderate cases of clinical mastitis. . Journal of Dairy Science 94:1873-1892',16,'2014-09-18'),(973,3,'Chidmi, B., D. Solís, and <b>V. E. Cabrera</b>. 2011. Analyzing the sources of technical efficiency among heterogeneous dairy farms: A quantile regression approach. . Journal of Development and Agricultural Economics 3:318-324',17,'2014-09-18'),(974,3,'<b>Cabrera, V. E.</b> 2010. A large Markovian linear program for replacement policies to optimize dairy herd net income for diets and nitrogen excretion. . Journal of Dairy Science 93:394-406',18,'2014-09-18'),(975,3,'Valvekar, M., <b>V. E. Cabrera</b>, and B. W. Gould. 2010. Identifying cost-minimizing strategies for guaranteeing target dairy income over feed cost via use of the Livestock Gross Margin dairy insurance program. . Journal of Dairy Science 93:3350-3357',19,'2014-09-18'),(976,3,'<b>Cabrera, V. E.</b>, D. Solis, and J. del Corral. 2010. Determinants of technical efficiency among dairy farms in Wisconsin. . Journal of Dairy Science 93:387-393',20,'2014-09-18'),(977,3,'Inostroza, J. F., R. D. Shaver, <b>V. E. Cabrera</b>, and J. M. Tricarico. 2010. Effect of diets containing a controlled-release urea product on milk yield, composition and component yields in commercial Wisconsin dairy herds and economic implications. . Professional Animal Scientist 26:175-180',21,'2014-09-18'),(978,3,'<b>Cabrera, V. E.</b>, D. Solis, and D. Letson. 2009. Optimal crop insurance under climate variability: contrasting insurer and farmer interests. . Transactions of the ASABE 52:623-631',22,'2014-09-18'),(979,3,'<b>Cabrera, V. E.</b>, L. J. Stavast, T. T. Baker, M. K. Wood, D. S. Cram, R. P. Flynn, and A. L. Ulery. 2009. Soil and runoff response to dairy manure application on rangeland. . Agriculture, Ecology, and Environment 131:255-262',23,'2014-09-18'),(980,3,'Breuer, N. E., C. W. Fraisse, and <b>V. E. Cabrera</b>. 2010. The Cooperative Extension Service as a boundary organization for diffusion of climate forecast: A 5-year study. . Journal of Extension 4RIB7',24,'2014-09-18'),(981,3,'AitSahlia, F., C. Wang, <b>V. E. Cabrera</b>, S. Uryasev, and C. W. Fraisse. 2009. Optimal crop planting schedules and financial hedging strategies. . Annals of Operations Research 190:201-220',25,'2014-09-18'),(982,3,'Liu, J., C. Men, <b>V. E. Cabrera</b>, S. Uryasev, and C. W. Fraisse. 2009. Optimizing crop insurance under climate variability. . Journal of Applied Meteorology and Climatology 47:2572-2580',26,'2014-09-18'),(983,3,'<b>Cabrera, V. E.</b>, R. Hagevoort, D. Solis, R. Kirksey, and J. A. Diemer. 2008. Economic impact of milk production in the state of New Mexico. . Journal of Dairy Science 91:2144-2150',27,'2014-09-18'),(984,3,'<b>Cabrera, V. E.</b>, C. P. Mathis, R. E. Kirksey, and T. T. Baker. 2008. Development of a seasonal prediction model for manure excretion by dairy cattle. . The Professional Animal Scientist 24:175-183',28,'2014-09-18'),(985,3,'Fraisse, C., <b>V. E. Cabrera</b>, N. E. Breuer, J. Baez, J. Quispe, and E. Matos. 2008. El Niño - Southern Oscillation Influences on Soybean Yields in Eastern Paraguay. . International Journal of Climatology 28:1339-1407',29,'2014-09-18'),(986,3,'<b>Cabrera, V. E.</b>, N. E. Breuer, and P. E. Hildebrand. 2008. Participatory modeling in dairy farm systems: a method for building consensual environmental sustainability using seasonal climate forecasts. . Climatic Change 89:395-409',30,'2014-09-18'),(987,3,'Breuer, N. E., <b>V. E. Cabrera</b>, K. T. Ingram, K. Broad, and P. E. Hildebrand. 2008. AgClimate: A case study in participatory decision support system development. . Climatic Change 87:385-403',31,'2014-09-18'),(988,3,'<b>Cabrera, V. E.</b>, S. Jagtap, and P. E. Hildebrand. 2007. Strategies to limit (minimize) nitrogen leaching on dairy farms driven by seasonal climate forecasts. . Agriculture, Ecosystems, and Environment 122:479-489',32,'2014-09-18'),(989,3,'<b>Cabrera, V. E.</b>, D. Letson, and G. Podesta, G. 2007. The value of the climate information when Farm Programs matter. . Agricultural Systems 93:25-42',33,'2014-09-18'),(990,3,'<b>Cabrera, V. E.</b>, A. de Vries, and P. E. Hildebrand. 2006. Manure nitrogen production in North Florida dairy farms: a comparison of three models. . Journal of Dairy Science 89:1830-1841',34,'2014-09-18'),(991,3,'<b>Cabrera, V. E.</b>, N. E. Breuer, and P. E. Hildebrand. 2006. North Florida dairy farmer perception toward the use of seasonal climate forecast technology. . Climatic Change 78:479-491',35,'2014-09-18'),(992,3,'<b>Cabrera, V. E.</b>, C. Fraisse, D. Letson, G. Podesta, and J. Novak. 2006. Impact of climate information in reducing farm risk by selecting crop insurance programs. . Transactions of the ASABE 49:1223-1233',36,'2014-09-18'),(993,3,'<b>Cabrera, V. E.</b>, P. E. Hildebrand, J. W. Jones, D. Letson, and A. de Vries. 2006. An integrated North Florida dairy farm model to reduce environmental impacts under seasonal climate variability. . Agriculture, Ecosystems, and Environment 113:82-97',37,'2014-09-18'),(994,3,'Fraisse, C. W., J. G. Bellow, N. E. Breuer, <b>V. E. Cabrera</b>, L. Hatch, G. Hoogenboom, K. T. Ingram, J. W. Jones, J. J. O\'Brien, and D. Zierden. 2006. AgClimate: A Climate Forecast Information System for Agricultural Risk Management in the Southeastern USA. . Computer and Electronics in Agriculture 53:13-27',38,'2014-09-18'),(995,3,'<b>Cabrera, V. E.</b>, N. E. Breuer, P. E. Hildebrand, and D. Letson. 2005. The dynamic north-Florida dairy farm model: a user-friendly computerized tool for increasing profits while minimizing environmental impacts. . Computers and Electronics in Agriculture 49:286-308',39,'2014-09-18'),(996,3,'<b>Cabrera, V. E.</b>, P. E. Hildebrand, and J. W. Jones. 2005. Modeling the effect of household composition on the welfare of limited-resource farmers in Coastal Cañete, Peru. . Agricultural Systems 86:207-222',40,'2014-09-18'),(997,4,'<b>Cabrera, V. E.</b>, D. Solís, G. A. Baigorria, and D. Letson. 2009.  7th: Managing climate variability in agricultural analysis. IN: Long, J.A., and D. S. Wells (Eds.), Ocean circulation and El Niño: New research, p. 163-179, Nova Science Publishers, Inc., Hauppauge, NY.',1,'2014-09-02'),(998,4,'Hoogenboom, G., C. W. Fraisse, J. W. Jones, K. T. Ingram, J. J. O\'Brien, J. G. Bellow, D. Zierden, D. E. Stooksbury, J. O. Paz, A. Garcia y Garcia, L. C. Guerra, D. Letson, N. E. Breuer, <b>V. E. Cabrera</b>, L. U. Hatch, and C. Roncoli. 2007. Climate-based agricultural risk management tools for Florida, Georgia and Alabama, USA. In: Sivakumar, M. V. K. and J. Hansen (Eds.), Climate Prediction and Agriculture: Advances and Challenges, p. 273-278, Springer, Berlin.',2,'2014-09-02'),(999,4,'Langeveld, J.W.A., Crawford, A., Paine, M., Pinheiro, S., de Boef, W., Kristensen, I.S., Hermansen, J., Dedieu, B., Hildebrand, P., <b>Cabrera, V.E.</b>, Jansen, D., and Dixon, J. 2006. Project setup and learning processes in participative systems oriented research initiatives. In: H. Langeveld, N. Roling (Eds.), Changing European farming systems for a better future. New visions for rural areas. p. 89-91, Wageningen Academic Publishers, Wageningen.',3,'2014-09-02'),(1000,5,'Krpalkova, L, <b>V. E. Cabrera</b>. J. Kvapilik, J. Burdych, and P. Crump. 2014. Effect of rearing period of heifers and herd level of milk yield on performance and profitability. In Proceedings 65th Annual Meeting of the EAAP. Copenhagen, Denmark. 25-29 August 2014.',1,'2014-09-02'),(1001,5,'Lingqiao, Q., B. E. Bravo-Ureta, and <b>V. E. Cabrera</b>. From hot to cold: a preliminary analysis of climatic effects on the productivity of Wisconsin dairy farms. In Proceedings 2014 Agricultural and Applied Economics Association Annual Meeting. Minneapolis, MN. 27-29 July 2014.',2,'2014-09-02'),(1002,5,'Shahinfar, S., J. N. Guenther, D. Page, A. Samia-Kalantari, <b>V. E. Cabrera</b>. P. M. Fricke, and K. A. Weigel. 2014. Optimization of reproductive management programs using lift chart analysis and cost sensitive evaluation of classification errors. Animal Science 92 (E-Suppl. 2):576.',3,'2014-09-02'),(1003,5,'Liang, D., and <b>V. E. Cabrera</b>. 2014. Optimizing concurrently dairy farm productivity and environmental performance. Animal Science 92 (E-Suppl. 2):571.',4,'2014-09-02'),(1004,5,'Lingqiao, Q., B. E. Bravo-Ureta, and <b>V. E. Cabrera</b>. A preliminary analysis of climatic effects on the productivity of Wisconsin dairy farms. In Proceedings VI Congreso de Eficiencia y Productividad. Cordoba, Spain. 26-28 May 2014.',5,'2014-09-02'),(1005,5,'<b>Cabrera, V. E.</b>, and M. Dutreuil. 2014. Implementation of greenhouse gas mitigation strategies on organic, grazing and conventional dairy farms. In Proceedings 11th European International Farming System Association Symposium of the Farming and Rural Systems. Berlin, Germany. 1-4 April 2014.',6,'2014-09-02'),(1006,5,'Bytyqi, H., M. Thaqi, F Hoxha, A. Misini, B. Haxhija, H. Mehmeti, <b>V. E. Cabrera</b>. 2014. Economic assessment of dairy farm production in Kosovo. In Proceedings 11th European International Farming System Association Symposium of the Farming and Rural Systems. Berlin, Germany. 1-4 April 2014.',7,'2014-09-02'),(1007,5,'Kalantari, A., and <b>V. E. Cabrera</b>. 2013. Stochastic economic evaluation of dairy farms’ reproductive performance. Journal of Animal Science 91 (E-Suppl. 2):791.',8,'2014-09-02'),(1008,5,'Shahinfar, S., A. S. Kalantari, <b>V. E. Cabrera</b>, and K. A. Weigel. 2013. Retention pay-off prediction using machine learning algorithms. Journal of Animal Science 91 (E-Suppl. 2):709.',9,'2014-09-02'),(1009,5,'Kalantari, A., and <b>V. E. Cabrera</b>. 2013. Agreement of dairy cattle replacement policies by two models: Optimization and simulation. Journal of Animal Science 91 (E-Suppl. 2):TH380.',10,'2014-09-02'),(1010,5,'Hardie, C. A., M. Dutreuil, R. Gildersleeve, M. Wattiaux, N. S. Keuler, and <b>V. E. Cabrera</b>. 2013. Impact of feeding strategies on milk production and profitability on Wisconsin organic dairy farms.  Journal of Animal Science 91 (E-Suppl. 2):TH378.',11,'2014-09-02'),(1011,5,'Souza, A. H.,  P. A. Carvalho, R. D. Shaver, M. C. Wiltbank, and <b>V. E. Cabrera</b>. 2013. Epidemiology of synchronization programs for breeding management in US dairy herds. Journal of Animal Science 91 (E-Suppl. 2):W182.',12,'2014-09-02'),(1012,5,'Souza, A. H., P. A. Carvalho1, R. D. Shaver, M. C. Wiltbank, and <b>V. E. Cabrera</b>. 2013. Impact of timed AI use on reproductive performance and culling rate in Wisconsin dairy herds. Journal of Animal Science 91 (E-Suppl. 2):W303.',13,'2014-09-02'),(1013,5,'<b>Cabrera, V. E.</b>, P. M. Fricke, P. L. Ruegg, R. D. Shaver, M. C. Wiltbank, K. A. Weigel, and M. Cordoba. 2013. An integrated approach to improve dairy cow fertility. Pp. 45-51 in Proceedings USDA   Agriculture and Food Research Initiative Animal Reproduction Project Director Meeting .  Montreal, QC. July 2013.',14,'2014-09-02'),(1014,5,'<b>Cabrera, V. E.</b> 2012. USDA NC-1042 2011-2012 Wisconsin station report.  Management systems to improve the economic and environmental sustainability of dairy enterprises (Rev. NC-1119).  Hickory Corner, MI. 11-13 October 2012.',15,'2014-09-02'),(1015,5,'<b>Cabrera, V. E.</b>, M. Dutreuil, C. Hardie, R. Gildersleeve, M. Wattiaux, and D. Combs. 2012. Strategies of pasture supplementation on organic and conventional grazing dairies: Assessment of economic, production and environmental outcomes. Pp. 27-30 in Proceedings USDA Institute of Food Production and Sustainability, Organic Programs Project Directors Meeting. Washington DC. 3-4 October 2012.',16,'2014-09-02'),(1016,5,'<b>Cabrera, V. E.</b>, P. M. Fricke, P. L. Ruegg, R. D. Shaver, M. C. Wiltbank, K. A. Weigel, and M. Cordoba. 2012. An integrated approach to improve dairy cow fertility. Pp. 71-76 in Proceedings USDA Agriculture and Food Research Initiative Animal Reproduction Project Director Meeting. State College, PA. 16 August 2012.',17,'2014-09-02'),(1017,5,'Dutreuil, M., <b>V. E. Cabrera</b>, R. Gildersleeve, C. A. Hardie, and M. A. Wattiaux. 2012. Impact of animal density on predicted greenhouse gas emission on selected conventional, organic, and grazing dairy farms in Wisconsin. Journal of Animal Science 90 (E-Suppl. 3):777.',18,'2014-09-02'),(1018,5,'Kalantari, A. S., and <b>V. E. Cabrera</b>. 2012. The effect of reproductive performance on the herd value assessed by integrating a daily dynamic programming with a daily Markov chain model. Journal of Animal Science 90 (E-Suppl. 3):530.',19,'2014-09-02'),(1019,5,'Dutreuil, M., <b>V. E. Cabrera</b>, R. Gildersleeve, C. A. Hardie, and M. A. Wattiaux. 2012. A cluster analysis to describe profitability on Wisconsin dairy farms. Journal of Animal Science 90 (E-Suppl. 3):M119.',20,'2014-09-02'),(1020,5,'Aguerre, M., Giordano, J. O., Kalantari, A. S., M. Wattiaux, Fricke, P. M., and <b>V. E. Cabrera</b>. 2012. Impact of dairy herd reproductive performance simulated with a Markov-chain model on predicted enteric methane emission and excretion of N and P. Journal of Animal Science 90 (E-Suppl. 3):M240.',21,'2014-09-02'),(1021,5,'Shahinfar, S., K. Weigel, D. Page, J. Guenther, <b>V. E. Cabrera</b>, and P. Fricke. 2012. Prediction of pregnancy outcome using machine learning algorithms. Journal of Animal Science 90 (E-Suppl. 3):M113.',22,'2014-09-02'),(1022,5,'<b>Cabrera, V. E.</b> 2011. USDA NC-1042 2010-2011 Wisconsin station report.&nbsp; Management systems to improve the economic and environmental sustainability of dairy enterprises (Rev. NC-1119).&nbsp; University of Maryland, MD. 13-15 October 2011.',23,'2014-09-02'),(1023,5,'Pinzón-Sánchez, C. <b>V. E. Cabrera</b>, and P. L. Ruegg. 2011. Decision tree analysis of treatment strategies for mild and moderate cases of clinical mastitis occurring in early lactation. Pp. 85-86 in Proceedings Third International Symposium of Mastitis and Milk Quality. St. Louis, MO. 22-24 September 2011.',24,'2014-09-02'),(1024,5,'Dutreuil, M., M. A. Wattiaux, R. Gildersleeve, B. Barham, and <b>V. E. Cabrera</b>. 2011. Impact of feeding strategies on milk production and income over feed cost: A case study of organic, grazing, and conventional Wisconsin dairy farms. Journal of Animal Science 89 (E-Suppl. 1): 313.',25,'2014-09-02'),(1025,5,'Souza, H., H. Rivera, P. Crump, and <b>V. E. Cabrera</b>. 2011. Estimating field conception rates for Holstein sires in US herds (ACE index) and conception rate correlation from the same sires used for AI after natural estrus and timed AI breedings. Journal of Animal Science 89 (E-Suppl. 1):26.',26,'2014-09-02'),(1026,5,'Giordano, J. O., P. M. Fricke, M. C. Wiltbank, and <b>V. E. Cabrera</b>. 2011. Daily Markov-chain simulation model for selection of reproductive management programs in dairy herds. Journal of Animal Science 89 (E-Suppl. 1): 256.',27,'2014-09-02'),(1027,5,'<b>Cabrera, V. E.</b>, P. M. Fricke, P. L. Ruegg, R. D. Shaver, M. C. Wiltbank, K. A. Weigel, and M. Cordoba. 2011. An integrated approach to improve dairy cow fertility. Pp. 128-129 in Proceedings USDA Agriculture and Food Research Initiative Joint Animal Systems Project Director Meeting. Washington D.C. 19-21 April 2011.',28,'2014-09-02'),(1028,5,'<b>Cabrera, V. E.</b>, R. R. Gildersleeve, M. A. Wattiaux, D. K. Combs, M. Dutreuil, and C. Hardie. 2011. Strategies of pasture supplementation on organic and conventional grazing dairies: Assessment of economic, production, and environmental outcomes. In Proceedings USDA National Institute of Food and Agriculture Organic Research and Extension Initiative Project Director Meeting. Washington D.C. 16-18 March 2011.',29,'2014-09-02'),(1029,5,'<b>Cabrera, V. E.</b> 2010. USDA NC-1042 2010-2011 Wisconsin station report.&nbsp; Management systems to improve the economic and environmental sustainability of dairy enterprises (Rev. NC-1119).&nbsp; Twin Falls, ID. 14-16 October 2010.',30,'2014-09-02'),(1030,5,'<b>Cabrera, V. E.</b>, P. M. Fricke, P. L. Ruegg, R. D. Shaver, M. C. Wiltbank, K. A. Weigel, and M. Cordoba. 2010. An integrated approach to improve dairy cow fertility. Pp. 49-50 in Proceedings USDA Animal Reproduction and Integrated Solutions to Animal Agriculture Annual Investigator Meeting. Milwaukee, WI. 3-4 August 2010.',31,'2014-09-02'),(1031,5,'Giordano, J. O., P. M. Fricke, P.M., M. C. Wiltbank, and <b>V. E. Cabrera</b>. 2010. A stochastic evaluation of reproductive management programs for dairy herds. Journal of Dairy Science 93 (E-Suppl. 1):807.',32,'2014-09-02'),(1032,5,'Valvekar, M., <b>V. E. Cabrera</b>, B. W. Gould. 2010. Optimal livestock gross margin for Dairy insurance contract design. Journal of Dairy Science 93 (E-Suppl. 1):1016.',33,'2014-09-02'),(1033,5,'Passos-Fonseca, T. H., H. A. Aguirre-Villegas, D. J. Reinemann, L. E. Armentano, <b>V. E. Cabrera</b>, and J. Norman. 2010. Green Cheese: LCA of Energy Intensity and GHG Emissions of Integrated Dairy Bio-Fuels Systems in Wisconsin.  No.: 1008719 in Proceedings American Society of Agricultural and Biological Engineers Annual Meeting. Pittsburgh, PA. 20-23 June 2010.',34,'2014-09-02'),(1034,5,'<b>Cabrera, V. E.</b>, D. Solis, and J. del Corral. 2010. The effect of traditional practices in the efficiency of dairy farms in Wisconsin. Journal of Agricultural and Applied Economics 42:582.',35,'2014-09-02'),(1035,5,'<b>Cabrera, V. E.</b> 2009. USDA NC-1042 2008-2009 Wisconsin station report.&nbsp; Management systems to improve the economic and environmental sustainability of dairy enterprises (Rev. NC-1119).&nbsp; University of British Columbia, Canada. 14-16 October 2009.',36,'2014-09-02'),(1036,5,'<b>Cabrera, V. E.</b>, B. W. Gould, and M. Valvekar. 2009. Livestock gross margin insurance for dairy Cattle: an analysis of program performance and cost under alternative policy configurations.  No.: 49262. AAEA, CAES, &amp; WAEA Joint Annual Meeting. Milwaukee, WI. 26-28 July 2009.',37,'2014-09-02'),(1037,5,'Ruiz, M., and <b>V. E. Cabrera</b>. 2009. The economic impact of five dairy cattle clinical diseases as measured by the correlation between lactational incidence risk and the income over feed cost in Wisconsin dairy herds. Journal of Dairy Science 92 (E-Suppl. 1):W1.',38,'2014-09-02'),(1038,5,'Inostroza, J. F., Shaver, R.D., <b>Cabrera, V.E.</b>, Tricarico, J.M. 2009. Effect of Optigen® on milk yield composition and component yields in commercial Wisconsin dairy farms. Journal of Dairy Science 92 (E-Suppl. 1):T297.',39,'2014-09-02'),(1039,5,'Reinemann, D. J., P. D. Thompson, K. G. Karthikeyan, L. E. Armentano, <b>V. E. Cabrera</b>, J. M. Norman, and T. H. Passos-Fonseca. 2009. Energy intensity and environmental impact of integrated dairy/bio-energy systems in Wisconsin, USA. Proceedings 7th International Workshop: Modeling Nutrient Digestion and Utilization in Farm Animals. Paris. 10-12 September 2009.',40,'2014-09-02'),(1040,5,'Inostroza, J. F., R. D. Shaver, V. E. <b>Cabrera, V.E.</b>, and J. M. Tricarico. 2009. Effect of Optigen® on milk yield composition and component yields in commercial Wisconsin dairy farms. Proceedings Alltech 25th International Symposium. 17-20 May 2009. Lexington, KY.',41,'2014-09-02'),(1041,5,'<b>Cabrera, V. E.</b> 2008. USDA NC-1042 2007-2008 Wisconsin station report.&nbsp; Management systems to improve the economic and environmental sustainability of dairy enterprises (Rev. NC-1119).&nbsp; Purdue University, West Lafayette, IN. 16-18 October 2008.',42,'2014-09-02'),(1042,5,'<b>Cabrera, V.E.</b>, and D. Solis. 2008. Managing the newly created LGM-Dairy insurance under seasonal climate variability Journal of Dairy Science 91 (Suppl. 1):654.',43,'2014-09-02'),(1043,5,'<b>Cabrera, V. E.</b> 2007. USDA NC-1042 2006-2007 Wisconsin station report.&nbsp; Management systems to improve the economic and environmental sustainability of dairy enterprises (Rev. NC-1119).&nbsp; Rochester, MN. 11-13 October 2007.',44,'2014-09-02'),(1044,5,'<b>Cabrera, V. E.</b>, D. Solis, and D. Letson. 2007. Optimal crop-insurance strategies under climate variability: Contrasting insurer and farmer interests.  No: 9708 in Proceedings American Agricultural Economics Association Annual Meeting. Portland, OR. July 29-August 1 2007.',45,'2014-09-02'),(1045,5,'<b>Cabrera, V. E.</b> 2007. NM-Manure: a seasonal prediction model of manure excretion for lactating dairy cows in New Mexico.  No.: 074171 in Proceedings American Society of Agricultural and Biological Engineers Annual Meeting. Minneapolis, MN. 18-20 June 2007.',46,'2014-09-02'),(1046,5,'Langeveld, J. W. A., A. Crawford, M. Paine, S. Pinheiro,W. de Boef, I. S. Kristensen, J. Hermansen, B. Dedieu, P. E. Hildebrand, <b>V. E. Cabrera</b>, D. Jansen, and J. Dixon. 2006. Project setup and learning processes in participative systems oriented research initiatives. Paper No: 9086860028 in Proceedings 7th European International Farming System Association Symposium. Wageningen, The Netherlands. 7-9 July 2006.',47,'2014-09-02'),(1047,5,'<b>Cabrera, V. E.</b>, and D. Letson. 2006. Optimal climate crop insurance strategy: Contrasting insurer and farmer interests. In Proceedings NOAA 2006 Climate Prediction Applications Science Workshop: Research and Applications on Use and Impacts. Tucson, AZ. 21-24 March 2006.',48,'2014-09-02'),(1048,5,'Hayes, R., <b>V. E. Cabrera</b>, and M. Baker. 2006. Impact of Extension in the Cañete Valley of Peru: A convergence of spatial, economical, statistical and anecdotal evidence. In Proceedings Cornell University\'s 3rd Annual Latin American Studies Program. Ithaca, NY. 24-25 February 2006.',49,'2014-09-02'),(1049,5,'<b>Cabrera, V. E.</b>, D. Letson, and G. Podesta. 2005. Climate information to reduce farm risk.  No: 053057 in Proceedings American Society of Agricultural and Biological Engineers Annual Meeting.. Tampa, FL. 17-20 July 2005.',50,'2014-09-02'),(1050,5,'<b>Cabrera, V. E.</b> 2005. Towards proactive environmental protection: the case of north Florida dairy farms and groundwater nitrogen pollution. Pp. 101 in Proceedings Society for Applied Anthropology Annual Meeting. Santa Fe, NM. 5-10 April 2005.',51,'2014-09-02'),(1051,5,'<b>Cabrera, V. E.</b>, and D. Letson. 2005. The value of climate information when farm programs matter. In Proceedings Climate Prediction Applications Science Workshop Research and Applications on Use and Impacts. Palisades, NY. 15-17 March 2005.',52,'2014-09-02'),(1052,5,'Fraisse, C., J. Bellow, N. E. Breuer, <b>V. E. Cabrera</b>, G. Hoogenboom, and K. Ingram. 2005. A vision for the Southeast Climate Consortium Extension Program. In Proceedings Climate Prediction Applications Science Workshop Research and Applications on Use and Impacts. Palisades, NY. 15-17 March 2005.',53,'2014-09-02'),(1053,5,'Jones, J. W., C. Fraisse, P. E. Hildebrand, N. E. Breuer, <b>V. E. Cabrera</b>, and J. J. O\'Brien. 2005. User-driven research and agricultural system decision support. In Proceedings American Association for the Advancement of Science Annual Meeting. Washington, D.C. February 2005.',54,'2014-09-02'),(1054,5,'<b>Cabrera, V. E.</b>, and P. E. Hildebrand. 2004. Economic and ecologic assessment of groundwater nitrogen pollution from north Florida dairy farm systems: An interdisciplinary approach. Pp. 857-869 in Proceedings 6th European International Farming System Association Symposium of the Farming and Rural Systems. Vila Real, Portugal. 4-7 April 2004.',55,'2014-09-02'),(1055,5,'Breuer, N. E., P. E. Hildebrand, and <b>V. E. Cabrera</b>. 2004. Assessing socioeconomic resilience of rural livelihood systems in an Ecuadorian agrosocioecosystem. Pp. 195-206 in Proceedings 6th European International Farming System Association Symposium of the Farming and Rural Systems. Vila Real, Portugal. 4-7 April 2004.',56,'2014-09-02'),(1056,5,'<b>Cabrera, V.E.</b> 2004. Participatory modeling of north Florida dairy farm systems. Pp. 71 in Proceedings Society for Applied Anthropology Annual Meeting. Dallas, TX. March 31-April 4, 2004.',57,'2014-09-02'),(1057,5,'<b>Cabrera, V. E.</b>, P. E. Hildebrand, and J. W. Jones. 2004. El Niño southern oscillation impact on nitrogen leaching in north Florida dairy forage systems. In Proceedings Climate Prediction Applications Science Workshop Research and Applications on Use and Impacts. Tallahassee, FL. 9-11 March 2004.',58,'2014-09-02'),(1058,5,'Breuer, N.E., <b>V. E. Cabrera</b>, and P. E. Hildebrand. 2004. Continuous stakeholder feedback: Improving adoption and user-friendliness of climate variability-based information and tools for livestock production. In Proceedings Climate Prediction Applications Science Workshop Research and Applications on Use and Impacts. Tallahassee, FL. 9-11 March 2004.',59,'2014-09-02'),(1059,5,'<b>Cabrera, V. E.</b> 2004. Economic and ecologic assessment of groundwater nitrogen pollution from north Florida dairy farm systems: An interdisciplinary approach. Pp. 10 in Proceedings 68th Annual Meeting of the Florida Academy of Sciences. Orlando, FL. 11-13 March 2004.',60,'2014-09-02'),(1060,5,'<b>Cabrera, V. E.</b>, and J. W. Jones. 2004. El Niño Southern Oscillation impact on nitrogen leaching in north Florida dairy farm systems. Pp. 23 in Proceedings Biological Systems Simulation Conference. Gainesville, FL. 8-10 March 2004.',61,'2014-09-02'),(1061,5,'Sullivan, A. J., <b>V. E. Cabrera</b>, C. Pomeroy, and N. E. Breuer. 2002. People and the planet: Meeting the new millennium interdisciplinary ecology and farming systems at the University of Florida. Pp. 127 in Proceedings 17th Symposium International Farming Systems Association. Orlando, FL. 17-20 November 2002.',62,'2014-09-02'),(1062,5,'<b>Cabrera, V. E.</b>, N. E. Breuer, and P. E. Hildebrand. 2002. Assessing the impact of long-term climate forecasting on north central Florida livestock producers using linear programming. In Proceedings International Workshop on Regional Integrated Assessment of Climate Impacts. Pascoly, Italy. 16-20 September 2002.',63,'2014-09-02'),(1063,5,'<b>Cabrera, V. E.</b>, M. Baker, and P. E. Hildebrand. 2000. Formative evaluation of Valle Grande Rural Institute. Pp. 144-155 in Proceedings 27th National Agricultural Education Research Conference. San Diego, CA. 6-9 December 2000.',64,'2014-09-02'),(1064,5,'<b>Cabrera, V. E.</b>, M. Baker, M., and P. E. Hildebrand. 2000. Farm problems, solutions, and extension programs for small farmers in Cañete, Peru. In Proceedings 16th Conference of the Association for International Agricultural and Extension Education. Arlington VA. March 29-April1, 2000.',65,'2014-09-02'),(1065,5,'<b>Cabrera, V.E.</b> 1999. Modeling diversity within an agricultural community in Peru. In Proceedings 4th Biennial Meeting of the North American Chapter International Farming Systems Association. Guelph, Canada. 20-23 October 1999.',66,'2014-09-02'),(1066,6,'<b>Cabrera, V. E.</b> 2014. Impact of decision support tools available for dairy farm management.  Animal Science  92 (E-Suppl. 2):293.',1,'2014-09-02'),(1067,6,'<b>Cabrera, V. E.</b> 2014. Economics of fertility in high-yielding dairy cows on confined TMR systems. In Proceedings. International Cow Fertility Conference, New Science – New Practices.  Westport, Mayo, Ireland. 18-21 May 2014.',2,'2014-09-02'),(1068,6,'<b>Cabrera, V. E.</b> 2013. Grouping strategies to improve feed efficiency. 26th American Dairy Science Association Discover Conference: Dairy Feed Efficiencyi. Naperville, IL. 23-26 September 2013.',3,'2014-09-02'),(1069,6,'<b>Cabrera, V. E.</b> 2011. The need for applied research and decision support tools in dairy farm management and decision-making. 2011 American Dairy Science Association Foundation Lecture. New Orleans, LO. 12 July 2011.',4,'2014-09-02'),(1070,6,'<b>Cabrera, V. E.</b> 2011. Economic comparison of reproductive management programs. 21st American Dairy Science Association Discover Conference: Improving Reproductive Efficiency of Lactating Dairy Cows. Itasca, IL. 11 May 2011.',5,'2014-09-02'),(1071,6,'<b>Cabrera, V. E.</b> 2011. The economic value of changes in 21-day pregnancy rate and what controls this value. 21st American Dairy Science Association Discover Conference: Improving Reproductive Efficiency of Lactating Dairy Cows. Itasca, IL. 10 May 2011.',6,'2014-09-02'),(1072,6,'<b>Cabrera, V. E.</b> 2011. Exploring methods to assess the economic value of dairy cattle reproductive programs. Midwest American Dairy Science Association Meeting. Des Moines, IA. 15 March 2011.',7,'2014-09-02'),(1073,6,'<b>Cabrera, V. E.</b> 2009. A large Markovian linear program model for dairy herd decision-making. American Dairy Science Association Annual Meeting. Montreal, Canada. 15 July 2009.',8,'2014-09-02'),(1074,7,'Brockmeyer-Bergman, M. 2013. M. S. Thesis.  University of Wisconsin, Madison, Wisconsin. The Impact of Management on the Health and Wellbeing of Dairy Cattle on Organic and Small Conventional Farms.',1,'2014-09-02'),(1075,7,'Hardie, C. 2013. M. S. Thesis.  University of Wisconsin, Madison, Wisconsin. General Management and Feeding Strategies on Wisconsin Organic Dairy Farms.',2,'2014-09-02'),(1076,7,'Zwald, A. 2011. M. S. Thesis.  University of Wisconsin, Madison, Wisconsin. Case Study: Effect of Pen Change on Daily Milk Yield of Dairy Cows.',3,'2014-09-02'),(1077,7,'Lopes, Fernanda. 2011. M. S. Thesis.  University of Wisconsin, Madison, Wisconsin. Assessment of Prior Grazing Experiences on Adaptation to Pasture and Performance of Dairy Heifers as Lactating Cows.',4,'2014-09-02'),(1078,7,'Valvekar, Mayuri. 2010. M. S. Thesis.  University of Wisconsin, Madison, Wisconsin. Use of LGM-Dairy for Revenue Risk Management.',5,'2014-09-02'),(1079,7,'Pinzón-Sánchez, C. 2010. M. S. Thesis.  University of Wisconsin, Madison, Wisconsin. Treatment Decisions for Mild And Moderate Cases of Clinical Mastitis.',6,'2014-09-02'),(1080,7,'Blazek, J. 2010. M. S. Thesis.  University of Wisconsin, Madison, Wisconsin. A Socio-Economic and  Environmental  Study  of  Dairy Production  Systems  in  the  Region of  Los Altos, Jalisco, Mexico.',7,'2014-09-02'),(1081,7,'Inostroza, F. 2009. M. S. Thesis.  University of Wisconsin, Madison, Wisconsin. Evaluation of Slow-Release Urea (Optigen®) Use in Commercial Dairy Herd Diets.',8,'2014-09-02'),(1082,7,'Hildebrand, A. 2007. M.S. Thesis.  University of Florida, Gainesville , Florida. Impact of the Enso Climate Phenomenon on Florida Fresh Tomatoes.',9,'2014-09-02'),(1083,7,'<b>Cabrera, V.E.</b>, 2004. Ph.D. Thesis University of Florida, Gainesville, Florida. Modeling north-Florida dairy farm management strategies to alleviate ecological impacts under varying climatic conditions: an interdisciplinary approach.',10,'2014-09-02'),(1084,7,'<b>Cabrera, V.E.</b>, 1999. M.S. Thesis. University of Florida, Gainesville, Florida. Farm problems, solutions, and extension  								programs for small farmers in Cañete, Lima, Peru.',11,'2014-09-02'),(1085,7,'<b>Cabrera, V.E.</b>, 1993. B.S. Thesis.  Universidad Nacional Agraria La Molina, Lima. Análisis de los Factores de Producción en Espárrago en la Pampa de Villacurí, Ica, Perú.',12,'2014-09-02'),(1086,8,'Dutreuil, M., M. Wattiaux, C. A. Hardie, and <b>Cabrera, V. E.</b> 2014. Feeding strategies and manure management for cost effective mitigation of greenhouse gas emissions from dairy farms in Wisconsin. . Journal of Dairy Science 00:00-00',1,'2014-09-02'),(1087,8,'Hardie, C., M. Wattiaux, M. Dutreuil, R. Gildersleeve, N. Keuler, and <b>Cabrera, V. E.</b> 2014. Feeding strategies on certified organic dairy farms in Wisconsin and their impact on milk production and income over feed costs. . Journal of Dairy Science 97:4612-4623',2,'2014-09-02'),(1088,8,'<b>Cabrera, V. E.</b>, and J. O. Giordano. 2013. Evaluating the economic value of changing the reproductive management program for a specific dairy farm. DAIReXNET eXtension, 23 October 2013. Download',3,'2014-09-02'),(1089,8,'Giordano, J. O., P. M. Fricke, and <b>V. E. Cabrera</b>. 2013. Economics of resynchronization strategies including chemical tests to identify non-pregnant cows.  96:949-961.</a> Journal of Dairy Science',4,'2014-09-02'),(1090,8,'<b>Cabrera, V. E.</b> 2012. A simple formulation and solution to the replacement problem: A practical tool to assess the economic cow value, the value of a new pregnancy, and the cost of a pregnancy loss. . Journal of Dairy Science 95:4683-4698',5,'2014-09-02'),(1091,8,'Giordano, J. O., P. M. Fricke, M. C. Wiltbank, and <b>V. E. Cabrera</b>. 2011. An economic decision-making decision support system for selection of reproductive management programs on dairy farms. . Journal of Dairy Science 94:6216-6232',6,'2014-09-02'),(1092,8,'<b>Cabrera, V. E.</b>, and J. M. Janowski. 2011. Wisconsin dairy business and production survey: Comparison between farms planning to expand and farms not planning to expand. . Journal of Extension 3RIB1',7,'2014-09-02'),(1093,8,'Valvekar, M., <b>V. E. Cabrera</b>, and B. W. Gould. 2010. Identifying cost-minimizing strategies for guaranteeing target dairy income over feed cost via use of the Livestock Gross Margin dairy insurance program. . Journal of Dairy Science 93:3350-3357',8,'2014-09-02'),(1094,8,'Inostroza, J. F., R. D. Shaver, <b>V. E. Cabrera</b>, and J. M. Tricarico. 2010. Effect of diets containing a controlled-release urea product on milk yield, composition and component yields in commercial Wisconsin dairy herds and economic implications. . Professional Animal Scientist 26:175-180',9,'2014-09-02'),(1095,9,'<b>Cabrera, V. E.</b> 2012. DairyMGT: A suite of decision support systems in dairy farm management. IN Decision Support Systems. Jao C. (Ed.), INTECH, Rijeka, Croatia. Chapter',1,'2014-09-02'),(1096,9,'<b>Cabrera, V. E.</b>, P. E. Hildebrand. 2011.  7th: Linear programming for dairy herd simulation and optimization: An integrated approach for decision-making. IN Linear programming - New frontiers in theory and applications. Zoltan, A. M. (Ed.), Nova Science Publishers, Inc., Hauppauge, NY. Chapter',2,'2014-09-02'),(1097,10,'Lopes, G., and, <b>V. E. Cabrera</b>. 2014. Premium beef semen on dairy calculator.  Journal of Animal Science  92 (E-Suppl. 2):288. ',1,'2014-09-18'),(1098,10,'Dutreuil, M., M. Wattiaux, R. Gildersleeve, and <b>V. E. Cabrera</b>. 2014. Modeling the impact of feeding and manure management strategies on Wisconsin organic, conventional and grazing farms to mitigate greenhouse gas (GHG) emissions. In Proceedings The Midwest Organic and Sustainable Education Service Conference.  La Crosse, WI. 27 February to 1 March 2014. ',2,'2014-09-18'),(1099,10,'F. E. Contreras-Govea, <b>V. E. Cabrera</b>, L. E. Armentano, R. D. Shaver, and P. M. Crump. Constraints for nutritional grouping in Wisconsin dairy farms. Journal of Animal Science 91 (E-Suppl. 2):TH192. ',3,'2014-09-18'),(1100,10,'Cordoba, M. C., P. M. Fricke, P. L. Ruegg, R. D. Shaver, K. A. Weigel, and <b>V. E. Cabrera</b>. An update on the Repro Money Program: A farmer-directed team-based extension program to improve reproductive performance in Wisconsin dairy herds. Journal of Animal Science 91 (E-Suppl. 2):TH198. ',4,'2014-09-18'),(1101,10,'Hardie, C. A., M. Dutreuil, R. Gildersleeve, and <b>V. E. Cabrera</b>. 2013. A comparison of feeding strategies on Wisconsin organic dairy farms. In Proceedings The Midwest Organic and Sustainable Education Service Conference.  La Crosse, WI. 23 February 2013. ',5,'2014-09-18'),(1102,10,'Cordoba, M. C., P. M. Fricke, P. L. Ruegg, R. D. Shaver, K. A Weigel, and <b>V. E. Cabrera</b>. 2012. Repro Money: A farmer directed team-based extension program to improve reproductive performance in Wisconsin dairy herds. 2012 Agricultural and Natural Resources Conference from UW-Extension. Wisconsin Dells. 10-12 October 2012. ',6,'2014-09-18'),(1103,10,'<b>Cabrera, V. E.</b>, R. D. Shaver, and P. C. Hoffman. 2012. Feed management decision-making tools for Wisconsin dairy farms. 2012 Agricultural and Natural Resources Conference from UW-Extension. Wisconsin Dells. 10-12 October 2012. ',7,'2014-09-18'),(1104,10,'Cordoba, M. C., P. M. Fricke, P. L. Ruegg, R. D. Shaver, K. A Weigel, and <b>V. E. Cabrera</b>. 2012. Repro Money: A farmer directed team-based extension program to improve reproductive performance in Wisconsin dairy herds. Journal of Animal Science 90 (E-Suppl. 3):T81. ',8,'2014-09-18'),(1105,10,'Hardie, C. A., <b>V. E. Cabrera</b>, M. Dutreuil, R. Gildersleeve, and M. Wattiaux. 2012. Characterization of certified organic Wisconsin dairy farms: Management practices, feeding regimes, and milk production. Journal of Animal Science 90 (E-Suppl. 3):M239.',9,'2014-09-18'),(1106,10,'Giordano, J. O., A. S. Kalantari, and <b>V. E. Cabrera</b>. 2011. Economic and reproductive outcome of programs combining timed artificial insemination and estrous detection simulated with a daily Markov-chain model. In Proceedings 21st ADSA Discover Conference: Improving Reproductive Efficiency of Lactating Dairy Cows. Itasca, IL. 9-12 May 2011.',10,'2014-09-18'),(1107,10,'Dutreuil, M., M. Wattiaux, and V.E. Cabrera. 2011. Impact of feeding strategies on milk production and milk income over feed cost: A case study of organic, grazing, and conventional Wisconsin dairy farm. In Proceedings The Midwest Organic and Sustainable Education Service Conference. La Crosse, WI. 25 February 2011. ',11,'2014-09-18'),(1108,10,'Janowski, J. M., and <b>V. E. Cabrera</b>. 2010. Differences between expanding and non-expanding Wisconsin dairy farms. Journal of Animal Science 93 (E-Suppl. 1):T321. ',12,'2014-09-18'),(1109,10,'Giordano, J. O., P. M. Fricke, M. C. Wiltbank, and <b>V. E. Cabrera</b>. 2010. An economic decision-making model for comparing reproductive management programs in dairy herds. Journal of Dairy Science 93 (E-Suppl. 3):58. Abstract',13,'2014-09-18'),(1110,10,'<b>Cabrera, V. E.</b>, and J. Vanderlin. 2010. The Wisconsin dairy ratio benchmark tool. In Proceedings National Farm Business Management Conference. Fargo, ND. 13-17 June 2010. ',14,'2014-09-18'),(1111,10,'<b>Cabrera, V. E.</b>, J. Pantoja, P. L. Ruegg, and G. Shook. 2009. Decision-making for early postpartum subclinical mastitis. Journal of Dairy Science 92 (E-Suppl. 1):T13. ',15,'2014-09-18'),(1112,10,'Janowski, J., <b>V. E. Cabrera</b>. 2009. A stochastic decision support system tool for dairy expansion. Journal of Dairy Science 92 (E-Suppl. 1):T236. ',16,'2014-09-18'),(1113,10,'Inostroza, J. F., <b>V. E. Cabrera</b>, R. D. Shaver, and J. M. Tricarico. 2009. Evaluation of the economic impact of Optigen® use in commercial dairy herd diets with varying feed and milk prices. Journal of Dairy Science 92 (E-Suppl. 1):M131. ',17,'2014-09-18'),(1114,10,'Valvekar, M., <b>V. E. Cabrera</b>, and B. W. Gould. 2009. Analysis of program performance and cost under alternative policy configurations and market conditions. Journal of Dairy Science 92 (E-Suppl. 1):W102. ',18,'2014-09-18'),(1115,10,'Inostroza, J. F., <b>V. E. Cabrera</b>, R. D. Shaver, J. M. Tricarico. 2009. Evaluation of the economic impact of Optigen® use in commercial dairy herd diets with varying feed and milk prices. Proceedings Alltech 25th International Symposium. 17-20 May 2009. Lexington, KY. ',19,'2014-09-18'),(1116,11,'<b>Cabrera, V. E.</b>, and A. Kalantari. 2014. Dietary grouping strategies to improve profitability on dairy farms. In Proceedings XIX International Congress ANEMBE of Bovine Medicine, pp. 151-159, Oviedo, Spain, 25-27 June 2014.    ( in Spanish)',1,'2014-09-02'),(1117,11,'<b>Cabrera, V. E.</b> Using simulators to improve profitability on dairy farms. In Proceedings XIX International Congress ANEMBE of Bovine Medicine, pp. 160-170, Oviedo, Spain, 25-27 June 2014.     ( in Spanish)',2,'2014-09-02'),(1118,11,'<b>Cabrera, V. E.</b>, and A. Kalantari. 2014. Strategies to improve economic efficiency of the dairy. In Proceedings Western Canadian Dairy Seminar, Red Deer, Alberta, Canada, (WCDS) Advances in Dairy Technology 26:45-55.',3,'2014-09-02'),(1119,11,'Dutreuil, M., Gildersleeve, R., and <b>V. E. Cabrera</b>. 2012. Dealing with high feed cost: Supplementation on pasture. In Proceedings 4th Annual World Dairy Expo Grazing Seminars. Alliant Energy Center, Madison, WI. 5 October 2012.',4,'2014-09-02'),(1120,11,'Hardie, C. A., <b>V. E. Cabrera</b>, M. Dutreuil, and R. Gildersleeve. 2012. Characterization of certified organic Wisconsin dairy farms: Management practices, feeding regimes, and milk production. In Proceedings UW-Extension Grazing, Teaching, and Technology Conference. US Dairy Forage Research Center, Prairie du Sac, WI. 28 August 2012.',5,'2014-09-02'),(1121,11,'Dutreuil, M., <b>V. E. Cabrera</b>, R. Gildersleeve, and C. A. Hardie. 2012. Factors affecting profitability on Wisconsin dairy farms. In Proceedings UW-Extension Grazing, Teaching, and Technology Conference. US Dairy Forage Research Center, Prairie du Sac, WI. 28 August 2012.',6,'2014-09-02'),(1122,11,'<b>Cabrera, V. E.</b>, F. Contreras, R. D. Shaver, L. E. Armentano. 2012. Grouping strategies for feeding lactating dairy cattle. Pp. 40-44 in Proceedings Four-State Dairy Nutrition and Management Conference. Dubuque, IA, 13-14 June 2012.',7,'2014-09-02'),(1123,11,'<b>Cabrera, V. E.</b> 2011. Grouping strategies for feeding lactating dairy cattle. Pp. 17-33 in Proceedings 15th Annual UW-Arlington Dairy Day, Arlington, WI, 8 December 2011.',8,'2014-09-02'),(1124,11,'<b>Cabrera, V. E.</b>, Giordano, J., Fricke, P. 2011. Economics of resynchronization with chemical tests to identify non-pregnant cows. Pp. 57-67 in Proceedings Dairy Cattle Reproduction Council Annual Convention. Kansas City, MO, 10-11 November 2011.',9,'2014-09-02'),(1125,11,'Cordoba, M., and <b>V. E. Cabrera</b>. 2010. Repro Money: A team based program to improve the reproductive performance of your herd. Pp. 53-58 in Proceedings 14th Annual UW-Arlington Dairy Day, Arlington, WI, 8 December 2010.',10,'2014-09-02'),(1126,11,'<b>Cabrera, V. E.</b>, and J. O. Giordano. 2010. Economic decision making for reproduction. Pp. 77-86 in Proceedings Dairy Cattle Reproduction Council Annual Convention. St. Paul, MN, 11-12 November 2010.',11,'2014-09-02'),(1127,11,'<b>Cabrera, V. E.</b> 2010. The Wisconsin dairy feed cost evaluator. Pp. 105-114 in Proceedings Four-State Dairy Nutrition and Management Conference. Dubuque, IA, 9-10 June 2010.',12,'2014-09-02'),(1128,11,'<b>Cabrera, V. E.</b> 2009. When to use sexed semen on heifers. 14 pages in Proceedings 13th Annual UW-Arlington Dairy Day, Arlington, WI, 9 December 2009.',13,'2014-09-02'),(1129,11,'<b>Cabrera, V. E.</b> 2009. When to use gender biased semen: economics. Pp. 83-91 in Proceedings Dairy Cattle Reproduction Council Annual Convention. St. Paul, MN, 12-13 November 2009 and Boise, ID, 19-20 November 2009.',14,'2014-09-02'),(1130,11,'<b>Cabrera, V. E.</b>, R. D. Shaver, and M. A. Wattiaux. 2009. Optimizing income over feed supplement costs. Pp. 116-120 in Proceedings Four-State Dairy Nutrition and Management Conference. Dubuque, IA, 10-11 June 2009.',15,'2014-09-02'),(1131,11,'<b>Cabrera, V. E.</b> 2008. Improving dairy farm sustainability through strategic alternatives to corn grain feeding. Pp. 4-11 in Proceedings 12th Annual UW-Arlington Dairy Day, Arlington, WI, 10 December 2008.',16,'2014-09-02'),(1132,11,'<b>Cabrera, V. E.</b>, and B. W. Gould. 2008. LGM-Dairy: Livestock gross margin for dairy. Pp. 33-38 in Proceedings 12th Annual UW-Arlington Dairy Day, Arlington, WI, 10 December 2008',17,'2014-09-02'),(1133,12,'<b>Cabrera, V. E.</b> 2012. . University of Wisconsin Extension Dairy Management Web article. The dairy herd value according to reproductive performance',1,'2014-09-02'),(1134,12,'<b>Cabrera, V. E.</b> 2012. . University of Wisconsin Extension Dairy Management Web article. Comparing the economic reproductive performance of timed artificial insemination and different levels of estrus detection',2,'2014-09-02'),(1135,12,'<b>Cabrera, V. E.</b> 2012. . University of Wisconsin Extension Dairy Management Web article. Assessing the economic value of a cow, the value of a new pregnancy, and the cost of a pregnancy loss',3,'2014-09-02'),(1136,12,'<b>Cabrera, V. E.</b> 2011.  University of Wisconsin Extension Dairy Management Web article. Improving your dairy farm bottom line by using price risk management.',4,'2014-09-02'),(1137,12,'<b>Cabrera, V. E.</b> 2011.  University of Wisconsin Extension Dairy Management Web article. Choose the best reproductive program for your dairy herd.',5,'2014-09-02'),(1138,12,'<b>Cabrera, V. E.</b> 2011.  University of Wisconsin Extension Dairy Management Web article. Differences between dairy farms planning to expand and farms not planning to expand.',6,'2014-09-02'),(1139,12,'<b>Cabrera, V. E.</b> 2011.  University of Wisconsin Extension Dairy Management Web article. Treatment strategies for mild and moderate cases of clinical mastitis in early lactation.',7,'2014-09-02'),(1140,12,'Breuer, N. E., <b>V. E. Cabrera</b>, P. E. Hildebrand, and J. W. Jones. 2010.  University of Florida IFAS Extension. Spanish publication from University of Florida Cooperative Extension. Opciones de manejo basadas en el clima para productores de ganado vacuno en el Centro-Norte de Florida.',8,'2014-09-02'),(1141,12,'<b>Cabrera, V. E.</b> 2010. University of Wisconsin Extension Dairy Management Web article. Exploring best replacement policies in dairy herds.',9,'2014-09-02'),(1142,12,'<b>Cabrera, V. E.</b> 2010.  University of Wisconsin Extension Dairy Management Web article. Get the most from livestock gross margin for dairy insurance.',10,'2014-09-02'),(1143,12,'<b>Cabrera, V. E.</b> 2010.  University of Wisconsin Extension Dairy Management Web article. Optigen® could be a viable substitute for high-priced Soybean.',11,'2014-09-02'),(1144,12,'Janowski, J., and <b>V. E. Cabrera</b>. 2010.  University of Wisconsin Extension Dairy Management Web article. Differences between expanding and non-expanding Wisconsin dairy farms.',12,'2014-09-02'),(1145,12,'Dutreuil, M. C. Hurtaud, B. Martin, C. Agabriel, and <b>V. E. Cabrera</b>. 2010.  University of Wisconsin Extension Dairy Management Web article. How feeding systems influence milk quality on French dairy farms?',13,'2014-09-02'),(1146,12,'<b>Cabrera, V. E.</b>, K. Bolton, and P. Hoffman. 2009.  University of Wisconsin Extension Dairy Management Web article. Cost-benefit of accelerated liquid feeding program for dairy heifers.',14,'2014-09-02'),(1147,12,'<b>Cabrera, V. E.</b> 2009.  University of Wisconsin Extension Dairy Management Web article. Economic analysis of switching milking frequency.',15,'2014-09-02'),(1148,12,'<b>Cabrera, V. E.</b> 2009.  University of Wisconsin Extension Dairy Management Web article. Economic value of sexed semen programs for dairy heifers.',16,'2014-09-02'),(1149,12,'<b>Cabrera, V. E.</b>, R. D. Shaver, and M. A. Wattiaux. 2009.  University of Wisconsin Extension Dairy Management Web article. Optimizing income over feed supplement cost (IOFSC).',17,'2014-09-02'),(1150,12,'<b>Cabrera, V. E.</b>, B. W. Gould, and M. Valvekar. 2009. LGM-Dairy: livestock gross margin for dairy cattle. University of Wisconsin Extension Dairy Management Web article. ',18,'2014-09-02'),(1151,12,'Valvekar, M., <b>V. E. Cabrera</b>, and B. W. Gould. 2008.  University of Wisconsin Extension Dairy Management Web article. LGM-Dairy: livestock gross margin for dairy, a new risk management tool available for Wisconsin dairy farmers.',19,'2014-09-02'),(1152,12,'<b>Cabrera, V. E.</b> 2008.  University of Wisconsin Extension Dairy Management Web article. Optimal corn grain feeding in Wisconsin dairy diets.',20,'2014-09-02'),(1153,12,'Gould, B. W., P. Mitchell, and <b>V. E. Cabrera</b>. 2008.  Marketing and Policy Briefing Paper 95, August 2008. ',21,'2014-09-02'),(1154,12,'<b>Cabrera, V. E.</b> 2008.  University of Wisconsin Extension Dairy Management Web article, August 2008. Optimal corn grain feeding in Wisconsin dairy diets.',22,'2014-09-02'),(1155,12,'<b>Cabrera, V. E.</b>, B. W. Gould, and M. Valvekar. 2008. LGM-Dairy:  Dairy Management Brochure July 2008. Livestock gross margin for dairy cattle.',23,'2014-09-02'),(1156,12,'Valvekar, M., <b>V. E. Cabrera</b>, and B. W. Gould. 2008.  University of Wisconsin Extension Dairy Management Web article, July 2008. LGM-Dairy: Livestock gross margin for dairy, a new risk management tool available for Wisconsin dairy producers.',24,'2014-09-02'),(1157,12,'<b>Cabrera, V. E.</b>, C. P. Mathis, R. E. Kirksey, and T. T. Baker. 2007  NMSU Agricultural Experiment Station Bulletin 797. NM-Manure: A Seasonal Prediction Model for Manure Excretion by Dairy Cattle in New Mexico.',25,'2014-09-02'),(1158,12,'<b>Cabrera, V. E.</b>, M. Marsalis, and L. Lauriault. 2007.  NMSU Cooperative Extension Service Publication. Las Cruces, NM. Circular 633. Using a computer application to predict irrigated alfalfa yield.',26,'2014-09-02'),(1159,12,'<b>Cabrera, V. E.</b>, M. Marsalis, and L. Lauriault. 2007.  NMSU Cooperative Extension Service Publication. Las Cruces, NM. Guide A-333. User manual of Alfalfa Yield Predictor.',27,'2014-09-02'),(1160,12,'<b>Cabrera, V. E.</b>, R. Kirksey, and C. Mathis. 2007.  NMSU Cooperative Extension Service Publication. Las Cruces, NM. Circular 611. Grazing-N: A Nitrogen Balance Model for Grazing Dairy Heifers and Dry Cows in New Mexico.',28,'2014-09-02'),(1161,12,'<b>Cabrera, V. E.</b> 2007.  NMSU Cooperative Extension Service Publication. Las Cruces, NM. Guide D-209. User manual of Grazing-N: A Nitrogen Balance Model for Grazing Dairy Heifers and Dry Cows in New Mexico.',29,'2014-09-02'),(1162,12,'<b>Cabrera, V. E.</b>, and R. Hagevoort. 2007.  NMSU Cooperative Extension Service Publication. Las Cruces, NM. Circular 613. Importance of the New Mexico dairy industry.',30,'2014-09-02'),(1163,12,'<b>Cabrera, V. E.</b>, N. E. Breuer, J. G. Bellow, and C. W. Fraisse. 2006. . SECC Technical Report Series SECC-06-001, Gainesville, FL. Extension agent knowledge and perceptions of seasonal climate forecast in Florida',31,'2014-09-02'),(1164,12,'Breuer, N. E., G. Canales, <b>V. E. Cabrera</b>, P. E. Hildebrand, S. Galindo, T. Kulstad, T. Manganyi, M. Morris, L. Ramos, E. Stonebrook, and D. Toro. 2005.  SECC Technical Report Series SECC-05-005, Gainesville, FL. Potential Applications of Seasonal Climate Forecasts for Water Management and Extension Agent Perceptions of Water Issues in South Florida.',32,'2014-09-02'),(1165,12,'<b>Cabrera, V. E.</b>, D. Letson, and G. Podesta. 2005.  SECC Technical Series SECC-05-004, Gainesville, FL. The value of climate information when farm programs matter.',33,'2014-09-02'),(1166,12,'<b>Cabrera, V. E.</b>, N. E. Breuer, and P. E. Hildebrand. 2005.  Coop. Ext. Serv. Circ. 1464 Univ. Florida, Gainesville, FL. Link. Climate-based management to reduce nitrate leaching from dairies in the Suwannee River Basin.',34,'2014-09-02'),(1167,12,'Breuer, N. E., <b>V. E. Cabrera</b>, P. E. Hildebrand, and J. W. Jones. 2005.  Coop. Ext. Serv. Circ. 1476 Univ. of Florida, Gainesville, FL. Link. Climate-based management options for north central Florida Beef Cattle Producers.',35,'2014-09-02'),(1168,12,'Fraisse, C., J. Bellow, N. E. Breuer, <b>V. E. Cabrera</b>, J. W. Jones, K. T. Ingram, and G. Hoogenboom. 2005.  Technical Report Series SECC-005-02. Gainesville, Florida. Strategic plan for the Southeast Climate Consortium extension program.',36,'2014-09-02'),(1169,12,'Barham, J., Y. Gichon, S. Humphries, F. Rossi, D. Alvira, A. Rios, P. E. Hildebrand, <b>V. E. Cabrera</b>, and N. E. Breuer. 2004.  Technical Report Series SECC 04-001. Assessment of the format, content, and potential uses of the AgClimate Website and crop yield risk assessment tool by extension agents in north Florida.',37,'2014-09-02'),(1170,12,'<b>Cabrera, V. E.</b>, P. E. Hildebrand, and J. W. Jones. 2004.  University of Florida, Food and Resource Economics Department, Staff Paper Series SP 04-01. Gainesville, Florida. Modeling the effect of household composition on the welfare of limited-resource farmers in Cañete, Peru.',38,'2014-09-02'),(1171,12,'Hildebrand, P. E., N. E. Breuer, <b>V. E. Cabrera</b>, and A. J. Sullivan. 2003.  University of Florida, Food and Resource Economics Department, Staff Paper Series, SP 03-05. Gainesville, Florida. Modeling diverse livelihood strategies in rural livelihood systems using ethnographic linear programming.',39,'2014-09-02'),(1172,12,'Breuer, N. E., <b>V. E. Cabrera</b>, P. E. Hildebrand, and J. W. Jones. 2003.  University of Florida, Food and Resource Economics Department, Staff Paper Series, SP 03-04. Gainesville, Florida. Potential response of north central Florida livestock producers to long-term climate forecasting.',40,'2014-09-02'),(1173,12,'Hildebrand, P. E., and <b>V. E. Cabrera</b>. 2003.  University of Florida, Food and Resource Economics Department, SP 03-03. Gainesville, Florida. Modeling and analyzing small farm livelihood systems with linear programming.',41,'2014-09-02'),(1174,12,'Breuer, N. E., <b>V. E. Cabrera</b>, P. E. Hildebrand, and J. W. Jones. 2003. Potential response of north central Florida livestock producers to long-term climate forecasting. The Southeast Climate Consortium. Technical Report Series 01-03. Tallahassee, Florida. ',42,'2014-09-02'),(1175,12,'<b>Cabrera, V. E.</b>, and P. E. Hildebrand. 2003.  University of Florida, Food and Resource Economics Department, Staff Paper Series, SP 03-02. Gainesville, Florida. Economic and ecologic assessment of groundwater nitrogen pollution from north-Florida dairy farms: an interdisciplinary approach.',43,'2014-09-02'),(1176,12,'<b>Cabrera, V. E.</b>, M. Downs, M. Langholtz, A. Mugisha, R. Sandals, A. J. Shriar, and D. Veach. 1999.  University of Florida, Food and Resource Economics Department, Staff Paper Series, SP 99-09. Gainesville, Florida. Potential use of long-range climate forecasts by agricultural extension agents in Florida: A Sondeo report.',44,'2014-09-02'),(1177,13,'Hardie, C. A., <b>V. E. Cabrera</b>, M. Dutreuil, and R. Gildersleeve. 2012.  Pp. 20. Midwest Forage Association Forage Focus. December 2012.',1,'2014-09-02'),(1178,13,'<b>Cabrera, V. E.</b> 2012. . Pp. 646. Hoard’s Dairyman. 10 October 2012.',2,'2014-09-02'),(1179,13,'Gould, B. W., and <b>V. E. Cabrera</b>. 2011. , 16 December 2011.',3,'2014-09-02'),(1180,13,'Gould, B. W., and <b>V. E. Cabrera</b>. 2011.  New York State Department of Agriculture and Markets.',4,'2014-09-02'),(1181,13,'<b>Cabrera, V. E.</b> 2009.  Repro Connections Magazine 1(5): 1-3.',5,'2014-09-02'),(1182,13,'<b>Cabrera, V. E.</b>, R. D. Shaver, and M. A. Wattiaux. 2009.  Pp. 400. Hoard\'s Dairyman. 10 June 2009.',6,'2014-09-02'),(1183,13,'Sterry, R. D. Brusveen, <b>V. E. Cabrera</b>, K. A. Weigel, P. M. Fricke. 2009.  Pp. 205. Hoard\'s Dairyman. 25 March 2009.',7,'2014-09-02'),(1184,13,'<b>Cabrera, V. E.</b> 2008.  Manejo Lechero. April 2008.',8,'2014-09-02'),(1185,13,'<b>Cabrera, V.E.</b> 2007.  Hoard\'s Dairyman, Western Dairy News. Pp. W168-W169. 10 November 2007.',9,'2014-09-02'),(1186,14,'<b>Cabrera, V.E.</b> 2008.  Clovis News Journal. February 5, 2008. Good nutrient balance quite valuable.',1,'2014-09-02'),(1187,14,'<b>Cabrera, V.E.</b> 2007.  Clovis News Journal. November 6, 2007. Free dairy software available.',2,'2014-09-02'),(1188,14,'<b>Cabrera, V.E.</b> 2007.  Clovis News Journal. May 1, 2007. Farm simulation important.',3,'2014-09-02'),(1189,14,'<b>Cabrera, V.E.</b> 2006.  Clovis News Journal. 5 September 2006. Dairies efficient water users.',4,'2014-09-02'),(1190,14,'<b>Cabrera, V.E.</b> 2006.  Clovis News Journal. 4 July 2006. ',5,'2014-09-02'),(1191,16,'Jeff Stevenson. Heat detection combined with timed A.I. boosts profit. May 10, 2014.',1,'2014-09-02'),(1192,16,'Hutjens, M. 2013. Today’s perspective on grouping strategies. Hoard’s Dairyman Webinar Series. Video presentation, 1:02 hours. 14 January 2013.',2,'2014-09-02'),(1193,16,'Dalton, J. C. Develop and manage heifers with a focus on age at conception. Western Dairy News. Pp. W161-W162. December 2011.',3,'2014-09-02'),(1194,16,'Faber, S. 10 tips for getting more cows pregnant. Hoards West. Pp. W28-W29. 25 February 2010.',4,'2014-09-02'),(1195,16,'Sipiorski, G. 2X vs. 3X milking. Pp. 555. 10 September 2009.',5,'2014-09-02'),(1196,16,'Sipiorski, G. Milk price insurance is here. Pp. 370-371. 265 May 2009.',6,'2014-09-02'),(1197,17,'Hall, J. Western Canadian Seminar. Canadian Progressive Dairyman. February 2014. .',7,'2014-09-02'),(1198,17,'Lee, K. Wisconsin dairy teams up to tackle reproduction. December 2012.',8,'2014-09-02'),(1199,17,'Boylen, K. Are you overfeeding your lactating cows? October 2012.',9,'2014-09-02'),(1200,17,'Use this decision support system for dairy production and expansion.',10,'2014-09-02'),(1201,18,'Wisconsin benchmarking tool. Pp. 20. June 2010',11,'2014-09-02'),(1202,18,'When should you use sexed semen. 23 November 2009.',12,'2014-09-02'),(1203,19,'Schmahl, R. LGM-Dairy: Respect the tool, beware the fallacies. 07 March 2011.',13,'2014-09-02'),(1204,19,'Dickrell, J. Program helps Dairy Producers Evaluate Herd Reproduction. June/July 2010.',14,'2014-09-02'),(1205,19,'Anonymous. Cheaper than puts, LGM-Dairy insurance could save you big bucks. 15 January 2009.',15,'2014-09-02'),(1206,19,'Dickrell, J. Calculate the cost-benefit of accelerated feeding dairy calves. 29 October 2009.',16,'2014-09-02'),(1207,19,'Cheaper than puts: LGM-Dairy insurance could save you big bucks. AgWeb. 1 January 2009.',17,'2014-09-02'),(1208,20,'Forrest, B. How to tame the wild milk market: Award-winning website helps farmers make informed decisions. 3 July 2014.',18,'2014-09-02'),(1209,20,'Coffeen, P. Repro Money program boosts reproductive performance at Augustian dairy. 3 January 2013.',19,'2014-09-02'),(1210,20,'Cofeen, P. Improving reproductive efficiency adds value to bottomline. 1 March 2012.',20,'2014-09-02'),(1211,20,'Cofeen, P. Stress less, improve profitability with new projection tool. 24 February 2012.',21,'2014-09-02'),(1212,20,'Cofeen, P. ReproMoney reaches out to dairy producers. 24 February 2012.',22,'2014-09-02'),(1213,20,'Anonymous. Improve the reproductive performance and profitability with free Repro Money. 25 August 2011.',23,'2014-09-02'),(1214,20,'Income over feed cost - not just about purchased supplements. 24 August 2011.',24,'2014-09-02'),(1215,20,'Anonymous. A decision support system for dairy production and expansion. 25 March 2010.',25,'2014-09-02'),(1216,20,'A risk management tool worth considering. 29 January 2010.',26,'2014-09-02'),(1217,20,'Anonymous. Grant aimed at dairy reproduction. 4 December 2009.',27,'2014-09-02'),(1218,20,'Johnson, R. Economist: Milk price insurance worth looking into. 14 May 2009.',28,'2014-09-02'),(1219,20,'Anonymous. Managing in difficult times: Economic analysis of switching milking frequency. 7 May 2009.',29,'2014-09-02'),(1220,21,'UW Receives grant to solve dairy puzzle. Wisconsin Agriculturalist. January 2010.',30,'2014-09-02'),(1221,21,'UW specialist aims to boost dairy profits. Wisconsin Agriculturalist. July 2008.',31,'2014-09-02'),(1222,22,'Bolton, K. 2012. Using costs of production in management decisions. 30 July 2012.',32,'2014-09-02'),(1223,22,'Dyk, P. Dairy Feed Cost Survey January 2011. Fond Du Lac Extension Service Newsletter. 02 February 2011.',33,'2014-09-02'),(1224,22,'Bendixen, M. 2011. Does it pay to feed $7 corn? Clark County Extension Service Newsletter. September 2011.',34,'2014-09-02'),(1225,22,'Schneider, N. Improve the reproductive performance and profitability of your dairy herd with Repro Money. August 2011.',35,'2014-09-02'),(1226,22,'Glewen, M. LGM-Dairy. August 2011.',36,'2014-09-02'),(1227,22,'Miller, Z. 2011. High feed cost. Outgamie Extension Service Newsletter. June-August 2011.',37,'2014-09-02'),(1228,22,'Blazek, J. Improve the reproductive performance and profitability of your dairy herd with Repro Money. 1 July 2011.',38,'2014-09-02'),(1229,22,'Toebe, R. UW-Dairy-Repro$ helps deairy producers evaluate reproduction programs. June 2011.',39,'2014-09-02'),(1230,22,'Stuttgen, S. Dairy reproductive analysis tool. April 2011.',40,'2014-09-02'),(1231,22,'Glewen, M. LGM Dairy grows by leaps and bounds. March 2011.',41,'2014-09-02'),(1232,22,'Behnke, K. Livestock Gross Margin for Dairy. March 2011.',42,'2014-09-02'),(1233,22,'Bendixen, M. 2011. Dairy reproductive analysis tool. Clark County Extension Service Newsletter. March 2011.',43,'2014-09-02'),(1234,22,'Toebe, R. Dairy management decision-making tools available on-line from UW-Extension. October 2011.',44,'2014-09-02'),(1235,22,'Peterson, M. Dairy management decision-making tools available online from UW-Extension. September 2010.',45,'2014-09-02'),(1236,22,'<b>Cabrera, V.E.</b>, B. Barham, R. Gildersleeve, and M. Wattiaux. UW study to look at feeding strategies on Wisconsin dairy farms: Economic, production, and environmental outcomes. 30 September 2010.',46,'2014-09-02'),(1237,22,'<b>Cabrera, V. E.</b> Dairy management decision-making tools available online from UW-Extension. 03 August 2010.',47,'2014-09-02'),(1238,22,'Bolton, K. Dairy cow feeding economics or \"When does a savings represent a sacrifice?\" 09 July 2010.',48,'2014-09-02'),(1239,22,'Peterson, M. UW-Dairy Repro$ helps dairy producers evaluate reproduction programs. July 2010.',49,'2014-09-02'),(1240,22,'Bendixen, M. Characteristics of highly profitable farms. Clark County Extension Service Newsletter. March 2011.',50,'2014-09-02'),(1241,22,'Dyk, P. Feed cost survey. September 2010.',51,'2014-09-02'),(1242,22,'Vanderlin, J. Wisconsin dairy farm ratio benhmarking tool. September 2010.',52,'2014-09-02'),(1243,22,'Gunderson, S. Online decision-making tools for dairy management. August 2010.',53,'2014-09-02'),(1244,22,'<b>Cabrera, V.E.</b> UW-Dairy Repro$ helps dairy producers evaluate reproduction programs. 03 June 2010.',54,'2014-09-02'),(1245,22,'Stuttgen, S. UW-Dairy Repro$. June 2010.',55,'2014-09-02'),(1246,22,'Brusveen, D. Characteristics of highly profitable dairy farms: Striking a balance for long haul profits.',56,'2014-09-02'),(1247,22,'Kenyon, S. A new computer model for dairy producers. 03 June 2010. Podcast.',57,'2014-09-02'),(1248,22,'Opatik, A. Economic analysis of switching milking frequency. May 2010. Podcast.',58,'2014-09-02'),(1249,22,'<b>Cabrera, V. E.</b>, and J. Janowski. A decision support system for dairy production and expansion. 08 March 2010.',59,'2014-09-02'),(1250,22,'Dyk, P. Feed costs on Fond du Lac farms (and others). January 2010.',60,'2014-09-02'),(1251,22,'<b>Cabrera, V. E.</b>, K. Bolton, and P. Hoffman. 2009. New tool helps calculate the cost-benefit of an accelerated feeding program for dairy calves. 28 October 2009.',61,'2014-09-02'),(1252,22,'Peterson, M. Economic analysis of switching milking frequency. May 2009.',62,'2014-09-02'),(1253,22,'<b>Cabrera, V. E.</b> 2009. Managing in difficult times: Economic analysis of swithching milking frequency. 7 April 2009.',63,'2014-09-02'),(1254,22,'Bolton, K., <b>V. E. Cabrera</b>, and T. Kriegel. 2009. Managing in difficult times: Budgets and budgeting - partial budgets. 7 April 2009.',64,'2014-09-02'),(1255,22,'Armstrong, D. Milking 3X or 4Xday? April 2009.',65,'2014-09-02'),(1256,22,'Barnett, K., K. Bolton, <b>V. E. Cabrera</b>, and T. Kriegel. 2009. Farming through difficult times: Budgets and budgeting - crop and livestock enterprise budgets. 7 April 2009.',66,'2014-09-02'),(1257,22,'Gould, B. W., and <b>V. E. Cabrera</b>. 2009. Farming through difficult times: Program insures target levels of dairy gross margins. 7 April 2009.',67,'2014-09-02'),(1258,22,'Bolton, K., <b>V. E. Cabrera</b>, T. Kriegel, and K. Barnett. 2009. Farming through difficult times:  Budgets and budgeting - Partial budgets. 7 April 2009.',68,'2014-09-02'),(1259,23,'Hinterhuer A. A scientific approach to dairy farm decision-making. News from UW-College of Agriculture and Life Sciences. 14 Frebuary 2014.',69,'2014-09-02'),(1260,23,'Kenyon, S. USDA grant funds new effort to improve dairy cow fertility. 24 November 2009.',70,'2014-09-02'),(1261,23,'Kenyon, S. New UW dairy specialist will help farmers harness complex information. CALS News UW-Madison. 28 May 2008.',71,'2014-09-02'),(1262,24,'AgSource Cooperative Services. 2012. AgSource herd selection guide makes tough economic decisions easier. AgSource Cooperative Services News. December 2012.',72,'2014-09-02'),(1263,24,'Bilby, T. R., R. C. Chebel, and J. Giordano. 2012. Effects of resynchronization on fertility and economics. Pp. 63-76 inProceedings Dairy Cattle Reproduction Council Annual Convention. Sacramento, CA, 8-9 November 2012.',73,'2014-09-02'),(1264,24,'Lauer, J. R. Shaver, D. Undersander, K. Shoessow, and G. Blonde. 2012. Pricing drought stressed corn silage. UW-Extension publication. Pp. 4. July 2012.',74,'2014-09-02'),(1265,24,'Dairy Cattle Reproduction Council. Reaping reproductive rewards a team effort. July 2011.',75,'2014-09-02'),(1266,24,'Program helps Dairy Producers Evaluate Herd Reproduction. Wisconsin Ag Connection and Dairy Agenda. June 2010.',76,'2014-09-02'),(1267,24,'Sexed semen vs. conventional: When does it pay. Hoards Dairyman Notebook. 27 November 2009.',77,'2014-09-02'),(1268,24,'Million dollar grant helping dairy production. Farm Report. 24 November 2009.',78,'2014-09-02'),(1269,24,'Managing in difficult times: Economic analysis of switching milking frequency. eXtension. 6 April 2009.',79,'2014-09-02'),(1270,24,'Managing in difficult times: Dairy Margin Insurance. Dairy Business. 26 March 2009.',80,'2014-09-02'),(1271,24,'Optimal corn grain feeding in Wisconsin dairy diets. Dane News. Fall 2008.',81,'2014-09-02'),(1272,24,'With Help from SNRE Alumni, Farmers Plan for Rainy (and Sunny) Days. The SNRE Resource. Spring 2007.',82,'2014-09-02'),(1273,24,'A click-and-calculate solution. Dairy Today\'s Elite Producer. June 2006.',83,'2014-09-02'),(1274,24,'Specialist uses computer modeling to help dairy farmers. NMSU News Center. May 2006.',84,'2014-09-02');

/*Table structure for table `pub_category_files` */

DROP TABLE IF EXISTS `pub_category_files`;

CREATE TABLE `pub_category_files` (
  `id` int(10) unsigned NOT NULL AUTO_INCREMENT,
  `content_id` int(11) unsigned NOT NULL,
  `name` varchar(255) DEFAULT NULL,
  `filename` varchar(255) DEFAULT NULL,
  `type` varchar(100) DEFAULT NULL,
  PRIMARY KEY (`id`),
  KEY `cont` (`content_id`),
  CONSTRAINT `ss` FOREIGN KEY (`content_id`) REFERENCES `pub_category_contents` (`id`) ON DELETE CASCADE
) ENGINE=InnoDB AUTO_INCREMENT=1512 DEFAULT CHARSET=latin1;

/*Data for the table `pub_category_files` */

insert  into `pub_category_files`(`id`,`content_id`,`name`,`filename`,`type`) values (1136,958,'Paper','Krpalkova14b.pdf','file'),(1137,959,'Paper','Dutreuil14.pdf','file'),(1138,960,'Paper','Hardie14.pdf','file'),(1139,961,'Paper','Cabrera14.pdf','file'),(1140,962,'Paper','Krpalkova14.pdf','file'),(1141,963,'Paper','Shahinfar14_2.pdf','file'),(1142,964,'Paper','Shahinfar14.pdf','file'),(1143,965,'Paper','Giordano13.pdf','file'),(1144,966,'Paper','12-JDS-Kalantari.pdf','file'),(1145,967,'Paper','2012_JDS_Giordano.pdf','file'),(1146,968,'Paper','2012_JDS_Cabrera.pdf','file'),(1147,969,'Paper','2011_JDS_Giordano.pdf','file'),(1148,970,'Paper','2011_AS_Valvekar.pdf','file'),(1149,971,'Paper','http://www.joe.org/joe/2011june/rb1.php','link'),(1150,972,'Paper','pinzon-11.pdf','file'),(1151,973,'Paper','2011_JDAE_Chidmi.pdf','file'),(1152,974,'Paper','MarkovianLP.pdf','file'),(1153,975,'Paper','Valvekar.pdf','file'),(1154,976,'Paper','TEfficiency.pdf','file'),(1155,977,'Paper','Inostroza_etal_10.pdf','file'),(1156,978,'Paper','azdez.pdf','file'),(1157,979,'Paper','AGEE3369.pdf','file'),(1158,980,'Paper','http://www.joe.org/joe/2010august/rb7.php','link'),(1159,981,'Paper','Annals_OR.pdf','file'),(1160,982,'Paper','JAMC.pdf','file'),(1161,983,'Paper','JDS08.pdf','file'),(1162,984,'Paper','PAS08.pdf','file'),(1163,985,'Paper','JC2007.pdf','file'),(1164,986,'Paper','CC2008.pdf','file'),(1165,987,'Paper','CC2007N.pdf','file'),(1166,988,'Paper','AEE2007.pdf','file'),(1167,989,'Paper','AS2007.pdf','file'),(1168,990,'Paper','JDS06.pdf','file'),(1169,991,'Paper','CC2006.pdf','file'),(1170,992,'Paper','ASABE06.pdf','file'),(1171,993,'Paper','AEE2006.pdf','file'),(1172,994,'Paper','CEA06.pdf','file'),(1173,995,'Paper','CEA05.pdf','file'),(1174,996,'Paper','http://www.uwex.edu/ces/dairymgt/documents/AS2005.pdf','link'),(1175,997,'Chapter','2009_NOVA_Cabrera.pdf','file'),(1176,1000,'Poster','Krpalkova14EAAPposter.pdf','file'),(1177,1001,'Paper','Lingqiao14b.pdf','file'),(1178,1001,'Presentation','LingqiaoPPT14b.pdf','file'),(1179,1002,'Abstract','Shahinfar14ADSA.pdf','file'),(1180,1003,'Abstract','Liang14ADSA.pdf','file'),(1181,1003,'Presentation','Liang14ADSAppt.pdf','file'),(1182,1004,'Paper','Lingqiao14.pdf','file'),(1183,1004,'Presentation','LingqiaoPPT14.pdf','file'),(1184,1005,'Paper','2_2_Cabrera.pdf','file'),(1185,1005,'Presentation','GHG_Strategies_Cabrera_Dutreuil.pdf','file'),(1186,1006,'Paper','3_1_Bytyqi.pdf','file'),(1187,1007,'Abstract','2013_791_abstract.pdf','file'),(1188,1007,'Presentation','2013_Mc_Montev0.pdf','file'),(1189,1008,'Abstract','2013_709_abstract.pdf','file'),(1190,1008,'Presentation','2013_RPO-ADSA.pdf','file'),(1191,1009,'Abstract','2013_TH380_abstract.pdf','file'),(1192,1009,'Presentation','2013_Replacement_SimvsOpt1.pdf','file'),(1193,1010,'Abstract','2013_TH378_abstract.pdf','file'),(1194,1010,'Poster','2013_ADSA_feeding_strategies_poster.pdf','file'),(1195,1011,'Abstract','2013_W182_abstract.pdf','file'),(1196,1011,'Poster','2013_Epidemiology_TAI_in_US_herds.pdf','file'),(1197,1012,'Abstract','2013_313_abstrac.pdf','file'),(1198,1012,'Presentation','2013_Repro_performance_herds_in_WI.pdf','file'),(1199,1013,'Presentation','IntegratedApproach13Montreal.pdf','file'),(1200,1014,'Report','WI-NC1042-12.pdf','file'),(1201,1014,'Presentation','WI-NC1042-12-P.pdf','file'),(1202,1015,'Abstract','12-R-CPA-OREI-DC-ABSTRACT.pdf','file'),(1203,1015,'Presentation','12-R-CPA-OREI-DC-PRESENTATION.pdf','file'),(1204,1016,'Poster','2012_AFRI_Cabrera.pdf','file'),(1205,1017,'Abstract','2012_Dutreuil_ADSA_IFSM_Abstract.pdf','file'),(1206,1017,'Presentation','2012_Dutreuil_ADSA_IFSM_Presentation.pdf','file'),(1207,1018,'Abstract','2012_Kalantari_ADSA_Abstract.pdf','file'),(1208,1018,'Presentation','2012_Kalantari_ADSA_Presentation.pdf','file'),(1209,1019,'Abstract','2012_Dutreuil_ADSA_Cluster_Abstract.pdf','file'),(1210,1019,'Poster','2012_Dutreuil_ADSA_Cluster_Poster.pdf','file'),(1211,1020,'Abstract','2012_Aguerre_ADSA_Abstract.pdf','file'),(1212,1020,'Poster','2012_Aguerre_ADSA_Poster.pdf','file'),(1213,1021,'Poster','2012_Shahinfar_ADSA_Poster.pdf','file'),(1214,1022,'Report','WI-NC1042-11.pdf','file'),(1215,1022,'Presentation','WI-NC1042-11-P.pdf','file'),(1216,1023,'Paper','2011_AABP_Pinzon-Sanchez.pdf','file'),(1217,1024,'Abstract','2011_MOSES_Dutreuil.pdf','file'),(1218,1024,'Poster','2011_MOSES_Dutreuil.pdf','file'),(1219,1025,'Abstract','2011_ADSA_Souza.pdf','file'),(1220,1025,'Poster','2011_ADSAp_Souza.pdf','file'),(1221,1026,'Abstract','2011_ADSA_Giordano.pdf','file'),(1222,1026,'Presentation','2011_ADSA_Giordano.pdf','file'),(1223,1027,'Poster','2011_AFRI_Cabrera.pdf','file'),(1224,1028,'Poster','2011_OREI_Cabrera.pdf','file'),(1225,1029,'Report','WI-NC1042-10.pdf','file'),(1226,1029,'Presentation','WI-NC1042-10-P.pdf','file'),(1227,1030,'Poster','2010_AFRI_Cabrera.pdf','file'),(1228,1031,'Abstract','2010_ADSA_Giordano.pdf','file'),(1229,1031,'Presentation','2010_ADSA_Giordano.pdf','file'),(1230,1032,'Abstract','2010_ADSA_Valvekar.pdf','file'),(1231,1032,'Presentation','2010_ADSA_Valvekar.pdf','file'),(1232,1033,'Paper','2010_ASABE_Passos-Fonseca.pdf','file'),(1233,1034,'Paper','2010_SAEA_Cabrera.pdf','file'),(1234,1035,'Report','WI-NC1042-09.pdf','file'),(1235,1035,'Presentation','WI-NC1042-09-P.pdf','file'),(1236,1036,'Presentation','2009_AAEA_Cabrera.pdf','file'),(1237,1036,'Paper','2009_AAEA_Cabrera.pdf','file'),(1238,1037,'Abstract','2009_ADSA_Ruiz.pdf','file'),(1239,1037,'Poster','2009_ADSA_Ruiz.pdf','file'),(1240,1038,'Abstract','2009_ADSA_Inostroza(b).pdf','file'),(1241,1039,'Abstract','2009_MNDUFA_Passos-Fonseca.pdf','file'),(1242,1040,'Abstract','2009_ADSA_Inostroza(b).pdf','file'),(1243,1041,'Report','WI-NC1042-08.pdf','file'),(1244,1041,'Presentation','Wi-NC1042-08-P.pdf','file'),(1245,1042,'Abstract','2008_ADSA_Cabrera.pdf','file'),(1246,1042,'Poster','2008_ADSA_Cabrera.pdf','file'),(1247,1043,'Report','Wi-NC1042-07.pdf','file'),(1248,1043,'Presentation','Wi-NC1042-07-P.pdf','file'),(1249,1044,'Presentation','2007_AAEA_Cabrera.pdf','file'),(1250,1044,'Paper','2007_AAEA_Cabrera.pdf','file'),(1251,1045,'Poster','2007_ASABE_Cabrera.pdf','file'),(1252,1045,'Paper','2007_ASABE_Cabrera.pdf','file'),(1253,1047,'Presentation','2006_CPAS_Cabrera.pdf','file'),(1254,1048,'Paper','2006_Cornell_Hayes.pdf','file'),(1255,1049,'Presentation','2005_ASABE_Cabrera.pdf','file'),(1256,1049,'Paper','2005_ASABE_Cabrera.pdf','file'),(1257,1050,'Abstract','2005_SAA_Cabrera.pdf','file'),(1258,1050,'Presentation','2005_SAA_Cabrera.pdf','file'),(1259,1051,'Abstract','2005_CPAS_Cabrera.pdf','file'),(1260,1051,'Presentation','2005_CPAS_Cabrera.pdf','file'),(1261,1052,'Abstract','2005_CPAS_Fraisse.pdf','file'),(1262,1053,'Abstract','2005_AAAS_Jones.pdf','file'),(1263,1054,'Paper','2004_IFSA_Cabrera.pdf','file'),(1264,1055,'Paper','2004_IFSA_Breuer.pdf','file'),(1265,1056,'Abstract','2004_SAA_Cabrera.pdf','file'),(1266,1057,'Abstract','2004_CPAS_Cabrera.pdf','file'),(1267,1058,'Abstract','2004_CPAS_Breuer.pdf','file'),(1268,1059,'Abstract','2004_FAS_Cabrera.pdf','file'),(1269,1060,'Abstract','2004_BSSC_Cabrera.pdf','file'),(1270,1062,'Abstract','2002_IWRIACI_Cabrera.pdf','file'),(1271,1062,'Presentation','2002_IWRIACI_Cabrera.pdf','file'),(1272,1063,'Paper','2000_AERC_Cabrera.pdf','file'),(1273,1064,'Paper','2000_IAEE_Cabrera.pdf','file'),(1274,1065,'Abstract','1999_IFSA_Cabrera.pdf','file'),(1275,1066,'Abstract','Cabrera14ADSA.pdf','file'),(1276,1066,'Presentation','Cabrera14ADSAppt.pdf','file'),(1277,1067,'Paper','Cabrera14Ireland.pdf','file'),(1278,1067,'Presentation','IrelandPPT.pdf','file'),(1279,1068,'Abstract','2013_ADSA_Cabrera.pdf','file'),(1280,1068,'Presentation','2013_ADSA_CabreraGrouping.pdf','file'),(1281,1069,'Paper','2011_ADSA_Cabrera.pdf','file'),(1282,1069,'Presentation','2011_ADSA_Cabrera.pdf','file'),(1283,1070,'Abstract','2011_Discover_Cabrera(b).pdf','file'),(1284,1070,'Presentation','2011_ADSA_Cabrera(b).pdf','file'),(1285,1071,'Abstract','2011_Discover_Cabrera.pdf','file'),(1286,1071,'Presentation','2011_Discover_Cabrera.pdf','file'),(1287,1072,'Abstract','2011_MWADSA_Cabrera.pdf','file'),(1288,1072,'Presentation','2011_MWADSA_Cabrera.pdf','file'),(1289,1073,'Abstract','2009_ADSA_Cabrera(b).pdf','file'),(1290,1073,'Presentation','2009_ADSA_Cabrera(b).pdf','file'),(1291,1074,'Thesis','2013_UW_Brockmeyer-Bergman.pdf','file'),(1292,1075,'Thesis','2013_UW_Hardie.pdf','file'),(1293,1076,'Thesis','2011_UW_Zwald.pdf','file'),(1294,1077,'Thesis','2011_UW_Lopes.pdf','file'),(1295,1078,'Thesis','2010_UW_Valvekar.pdf','file'),(1296,1079,'Thesis','2010_UW_Pinzon-Sanchez.pdf','file'),(1297,1080,'Thesis','2010_UW_Blazek.pdf','file'),(1298,1081,'Thesis','2009_UW_Inostroza.pdf','file'),(1299,1082,'Thesis','2007_UF_Hildebrand.pdf','file'),(1300,1083,'Thesis','http://etd.fcla.edu/UF/UFE0005581/cabrera_v.pdf','link'),(1301,1084,'Thesis','http://etd.fcla.edu/UF/amj9816/cabrera.pdf','link'),(1302,1085,'Thesis','tesisvi.pdf','file'),(1303,1086,'Papers','Dutreuil14.pdf','file'),(1304,1087,'Papers','Hardie14.pdf','file'),(1305,1088,'Papers','http://www.extension.org/pages/69997/evaluating-the-economic-value-of-changing-the-reproductive-management-program-for-a-specific-dairy-fa#.UmmRjxeJBMj','link'),(1306,1089,'Papers','Giordano13.pdf','file'),(1307,1090,'Papers','2012_JDS_Cabrera.pdf','file'),(1308,1091,'Papers','2011_JDS_Giordano.pdf','file'),(1309,1092,'Papers','http://www.joe.org/joe/2011june/rb1.php','link'),(1310,1093,'Papers','Valvekar.pdf','file'),(1311,1094,'Papers','Inostroza_etal_10.pdf','file'),(1312,1095,'Thesis','http://www.intechopen.com/articles/show/title/dairymgt-a-suite-of-decision-support-systems-in-dairy-farm-management','link'),(1313,1096,'Thesis','2011_NOVA_Cabrera.pdf','file'),(1314,1097,'Abstract','Lopes14ADSA.pdf','file'),(1315,1097,'Presentation','Lopes14ADSAppt.pdf','file'),(1316,1098,'Poster','Rhonda_MOSESposter_final_color.pdf','file'),(1317,1099,'Abstract','2013_TH192_abstract.pdf','file'),(1318,1099,'Poster','2013_ADSA_survey_poster.pdf','file'),(1319,1100,'Abstract','2013_TH198_abstract.pdf','file'),(1320,1100,'Poster','2013_ADSA_Repro_Money_poster.pdf','file'),(1321,1101,'Poster','Hardie13.pdf','file'),(1322,1102,'Abstract','ANRE12AbstractReproMoney.pdf','file'),(1323,1102,'Poster','ANRE12-PosterReproMoney.pdf','file'),(1324,1103,'Abstract','ANRE12AbstractNutrition.pdf','file'),(1325,1103,'Poster','2012ANREHoffman.pdf','file'),(1326,1104,'Abstract','2012_Cordoba_ADSA_Abstract.pdf','file'),(1327,1104,'Poster','2012_Cordoba_ADSA_Poster.pdf','file'),(1328,1105,'Abstract','2012_Hardie_ADSA_Abstract.pdf','file'),(1329,1105,'Poster','2012_Hardie_ADSA_Poster.pdf','file'),(1330,1106,'Abstract','2011_Discover_Giordano.pdf','file'),(1331,1106,'Poster','2011_Discover_Giordano.pdf','file'),(1332,1107,'Abstract','2011_ADSA_Dutreuil.pdf','file'),(1333,1107,'Poster','2011_ADSAp_Dutreuil.pdf','file'),(1334,1108,'Abstract','2010_ADSA_Janowski.pdf','file'),(1335,1108,'Poster','2010_ADSA_Janowski.pdf','file'),(1336,1109,'Abstract','2010_MWADSA_Giordano.pdf','file'),(1337,1109,'Presentation','2010_MWADSA_Giordano.pdf','file'),(1338,1110,'Abstract','2010_NFBMC_Cabrera.pdf','file'),(1339,1110,'Presentation','2010_NFMC_Cabrera.pdf','file'),(1340,1111,'Abstract','2009_ADSA_Cabrera.pdf','file'),(1341,1111,'Poster','2009_ADSA_Cabrera.pdf','file'),(1342,1112,'Abstract','2009_ADSA_Janowski.pdf','file'),(1343,1112,'Poster','2009_ADSA_Janowski.pdf','file'),(1344,1113,'Abstract','2009_ADSA_Inostroza.pdf','file'),(1345,1113,'Poster','2009_ADSA_Inostroza.pdf','file'),(1346,1114,'Abstract','2009_ADSA_Valvekar.pdf','file'),(1347,1114,'Poster','2009_ADSA_Valvekar.pdf','file'),(1348,1115,'Poster','2009_AllTech_Inostroza.pdf','file'),(1349,1116,'Paper','Cabrera_ANEMBE_Grouping_14.pdf','file'),(1350,1116,'Presentation','Dietary_Grouping_Cabrera_ANEMBE_14.pdf','file'),(1351,1116,'Presentation in Spanish','NutricionalGruposNEMBE14.pdf','file'),(1352,1117,'Paper','Cabrera_ANEMBE_Simulators_14.pdf','file'),(1353,1117,'Presentation','Cabrera_ANEMBE_Simulators.pdf','file'),(1354,1117,'Presentation in Spanish','Cabrera_ANEMBE_SimuladorsEspañol.pdf','file'),(1355,1118,'Paper','CabreraKalantariWCDS.pdf','file'),(1356,1119,'Presentation','12-E-RAP-WDE-MSN-PRESENTATION.pdf','file'),(1357,1120,'Abstract','2012_Hardie_Grazing_Abstract.pdf','file'),(1358,1120,'Presentation','2012_Hardie_Grazing_Presentation.pdf','file'),(1359,1121,'Abstract','2012_Dutreuil_Grazing_Abstract.pdf','file'),(1360,1121,'Presentation','2012_Dutreuil_Grazing_Presentation.pdf','file'),(1361,1122,'Paper','2012_Cabrera_4-State_Paper.pdf','file'),(1362,1122,'Presentation','2012_Cabrera_4-State_Presentation.pdf','file'),(1363,1123,'Paper','2011_Cabrera_Arlington_Paper.pdf','file'),(1364,1123,'Presentation','2012_Cabrera_Arlington_Presentation.pdf','file'),(1365,1124,'Paper','2011_DCRC_Cabrera.pdf','file'),(1366,1124,'Presentation','2011_DCRC_Cabrera.pdf','file'),(1367,1125,'Presentation','2011_Cordoba_Arlington_Presentation.pdf','file'),(1368,1126,'Paper','2010_DCRC_Cabrera.pdf','file'),(1369,1126,'Presentation','2010_DCRC_Cabrera.pdf','file'),(1370,1127,'Presentation','2010_4STATE_Cabrera.pdf','file'),(1371,1128,'Presentation','Arlington_Dec09.pdf','file'),(1372,1129,'Paper','2009_DCRC_Cabrera.pdf','file'),(1373,1129,'Presentation','2009_DCRC_Cabrera(c).pdf','file'),(1374,1130,'Paper','2009_4State_Cabrera.pdf','file'),(1375,1130,'Presentation','2009_4STATE_Cabrera.pdf','file'),(1376,1131,'Presentation','2008_Arlington_Improving.pdf','file'),(1377,1132,'Presentation','2008_Arlington_LGM.pdf','file'),(1378,1133,'Publication','2012FactSheetHerdValue.pdf','file'),(1379,1134,'Publication','2012FactSheetTAIandHD.pdf','file'),(1380,1135,'Publication','2012FactSheetCowValue.pdf','file'),(1381,1136,'Publication','2011_UWEX_Cabrera.pdf','file'),(1382,1137,'Publication','2011_UWEX_Cabrera(b).pdf','file'),(1383,1138,'Publication','2011_UWEX_Cabrera(c).pdf','file'),(1384,1139,'Publication','2011_UWEX_Cabrera(d).pdf','file'),(1385,1140,'Publication','2010_IFAS_Breuer.pdf','file'),(1386,1141,'Publication','2010_UWEX_Cabrera.pdf','file'),(1387,1142,'Publication','2010_UWEX_Cabrera(b).pdf','file'),(1388,1143,'Publication','2010_UWEX_Cabrera(d).pdf','file'),(1389,1144,'Publication','2010_UWEX_Janowski.pdf','file'),(1390,1145,'Publication','2010_UWEX_Dutreuil.pdf','file'),(1391,1146,'Publication','2009_UWEX_Cabrera.pdf','file'),(1392,1147,'Publication','2009_UWEX_Cabrera(b).pdf','file'),(1393,1148,'Publication','2009_SexedSemen.pdf','file'),(1394,1149,'Publication','2009_UWEX_Cabrera(d).pdf','file'),(1395,1151,'Publication','2008_UWEX_Valvekar.pdf','file'),(1396,1152,'Publication','2008_UWEX_Cabrera.pdf','file'),(1397,1154,'Publication','2008_UWEX_Cabrera.pdf','file'),(1398,1155,'Publication','2008_UWEX_Cabrera(b).pdf','file'),(1399,1156,'Publication','2008_UWEX_Valvekar.pdf','file'),(1400,1157,'Publication','2008_NMSU_Cabrera.pdf','file'),(1401,1158,'Publication','2007_NMSU_Cabrera(d).pdf','file'),(1402,1159,'Publication','2007_NMSU_Cabrera(e).pdf','file'),(1403,1160,'Publication','2007_NMSU_Cabrera.pdf','file'),(1404,1161,'Publication','2007_NMSU_Cabrera(b).pdf','file'),(1405,1162,'Publication','2007_NMSU_Cabrera(c).pdf','file'),(1406,1163,'Publication','SECC_06_001.pdf','file'),(1407,1164,'Publication','2005_SECC_Breuer.pdf','file'),(1408,1165,'Publication','2005_SECC_Cabrera.pdf','file'),(1409,1166,'Publication','2005_IFAS_Cabrera.pdf','file'),(1410,1167,'Publication','2005_IFAS_Breuer.pdf','file'),(1411,1168,'Publication','2005_SECC_Fraisse.pdf','file'),(1412,1169,'Publication','2004_SECC_Barham.pdf','file'),(1413,1170,'Publication','2004_FRED_Cabrera.pdf','file'),(1414,1171,'Publication','2003_FRED_Hildebrand.pdf','file'),(1415,1172,'Publication','2003_FRED_Breuer.pdf','file'),(1416,1173,'Publication','2003_FRED_Hildebrand(b).pdf','file'),(1417,1175,'Publication','2003_FRED_Cabrera.pdf','file'),(1418,1176,'Publication','1999_FRED_Cabrera.pdf','file'),(1419,1177,'Characterization of certified organic WI dairy farms: Management, feeding regimes, and milk production.','2012MFA_Hardie.pdf','file'),(1420,1178,'Free online app lets you calculate the cow value','2012_Hoards_Cabrera.pdf','file'),(1421,1179,'LGM-Dairy: A viable risk management program. Cheese Reporter 136(25):2','http://www.cheesereporter.com/December%2016,%202011.pdf','link'),(1422,1181,'Sexed semen: Big profits in well managed heifers.','2009_ReproConnections_Cabrera.pdf','file'),(1423,1182,'Free Spreadsheet lets you ask feeding \"what ifs\".','2009_Hoards_Cabrera.pdf','file'),(1424,1183,'Why they use sexed semen.','2009_Hoards_Sterry.pdf','file'),(1425,1184,'Successful heat-stress abatement. Disminución exitosa del estrés calórico.','2008_ManLechero_Cabrera.pdf','file'),(1426,1185,'Calculate how much manure nitrogen you can add to intensively managed dairy grazing fields.','2007_Hoards_Cabrera.pdf','file'),(1427,1186,'Publication','2008_CNJ_Cabrera.pdf','file'),(1428,1187,'Publication','2007_CNJ_Cabrera.pdf','file'),(1429,1188,'Publication','2007_CNJ_Cabrera(b).pdf','file'),(1430,1189,'Publication','2006_CNJ_Cabrera.pdf','file'),(1431,1191,'Article','Stevenson10May14.pdf','file'),(1432,1192,'Presentation','http://www.hoards.com/webinararchives_13-jan','link'),(1433,1193,'Article','2011_Dalton_Hoards-Article.pdf','file'),(1434,1194,'Article','2010_Faber_Hoards_Article.pdf','file'),(1435,1195,'Article','Spiorski-3x.pdf','file'),(1436,1196,'Article','Spiorski-LGMdairy.pdf','file'),(1437,1197,'Article','http://progressivedairycanada.com/news-topics/events-coverage/seminar-to-focus-on-strategies-to-optimize-performance','link'),(1438,1197,'Download','dairyman_performance.pdf','file'),(1439,1198,'Article','http://www.progressivedairy.com/index.php?option=com_content&view=article&id=9974:wisconsin-dairy-teams-up-to-tackle-reproduction&catid=47:ai-and-breeding&Itemid=73','link'),(1440,1199,'Article','http://www.progressivedairy.com/index.php?option=com_content&view=article&id=9554:are-you-overfeeding-your-lactating-cows&catid=46:feed-and-nutrition&Itemid=72','link'),(1441,1200,'Article','http://www.progressivedairy.com/index.php?option=com_content&view=article&id=4214:use-this-decision-support-system-for-dairy-production-and-expansion&catid=49:management&Itemid=75','link'),(1442,1201,'Article','benchmark.pdf','file'),(1443,1202,'Article','http://www.dairyherd.com/dairy-resources/reproduction/when-should-you-use-sexed-semen-114026994.html','link'),(1444,1203,'Article','http://www.agweb.com/blog/AgDairy_Market_Update__236/lgm-dairy_respect_the_tool,_beware_the_fallacies/','link'),(1445,1204,'Article','http://www.agweb.com/search/link.aspx?id=19500117&q=http%3A//www.agweb.com/article/uw-dairy_repro_helps_evaluate_repro_programs/&i=5&mlt=0','link'),(1446,1205,'Article','http://www.agweb.com/article/Cheaper_Than_PutsbremLGM-Dairy_insurance_could_save_you_big_bucksem_201737/','link'),(1447,1206,'Article','http://www.agweb.com/article/Calculate_the_cost-benefit_of_accelerated_feeding_dairy_calves_196023/','link'),(1448,1208,'Article','http://www.agriview.com/news/dairy/how-to-tame-the-wild-milk-market-award-winning-website/article_de87cca9-27d8-5cbd-bfd6-a67f8776ec1e.html','link'),(1449,1209,'Article','http://www.agriview.com/news/dairy/repro-money-program-boosts-reproductive-performance-at-augustian-dairy/article_5385d968-5506-11e2-84f3-001a4bcf887a.html','link'),(1450,1210,'Article','http://www.agriview.com/news/dairy/improving-reproductive-efficiency-adds-value-to-bottomline/article_081d06b8-6321-11e1-9238-0019bb2963f4.html','link'),(1451,1211,'Article','http://www.agriview.com/news/dairy/stress-less-improve-profitability-with-new-projection-tool/article_64154eac-5e77-11e1-87f7-001871e3ce6c.html','link'),(1452,1212,'Article','http://www.agriview.com/news/dairy/repromoney-reaches-out-to-dairy-producers/article_c810b242-5e78-11e1-92e8-001871e3ce6c.html','link'),(1453,1213,'Article','http://www.agriview.com/briefs/dairy/improve-the-reproductive-performance-and-profitability-with-free-repro-money/article_2d513594-cf38-11e0-b7b8-001cc4c03286.html','link'),(1454,1214,'Article','http://www.agriview.com/news/dairy/income-over-feed-cost---not-just-about-purchased/article_213cc7f5-de9c-5c55-a696-454e4e3aeba7.html','link'),(1455,1215,'Article','http://www.agriview.com/news/dairy/a-decision-support-system-for-dairy-production-expansion/article_009cb560-6c71-5f44-bed9-b553ccc0cdb0.html','link'),(1456,1216,'Article','http://www.agriview.com/news/dairy/a-dairy-risk-management-tool-worth-considering/article_ba77a67d-4d28-5e6c-bf4b-be5bc2a9d44e.html','link'),(1457,1217,'Article','http://www.agriview.com/briefs/dairy/grant-aimed-at-dairy-reproduction/article_9e869810-eb41-507c-aa5b-50016c08848d.html','link'),(1458,1218,'Article','http://www.agriview.com/news/dairy/economist-milk-price-insurance-worth-looking-into/article_5e5fa1f6-d846-5845-ab06-160b3204068b.html','link'),(1459,1219,'Article','http://www.agriview.com/news/dairy/managing-in-difficult-times-economic-analysis-of-switching-milking-frequency/article_006e1af2-e73e-5396-b809-8efb82d6d988.html','link'),(1460,1220,'Article','WiAgriculturalist.pdf','file'),(1461,1221,'Article','http://magissues.farmprogress.com/WSA/WA07Jul08/wsa036.pdf','link'),(1462,1223,'Article','http://fonddulac.uwex.edu/dairy-feed-cost-survey-january-2011/','link'),(1463,1225,'Article','http://winnebago.uwex.edu/files/2010/12/July-August-2011-Newsletter.pdf','link'),(1464,1226,'Article','http://calumet.uwex.edu/files/2011/07/2011-08.pdf','link'),(1465,1227,'Article','http://outagamie.uwex.edu/files/2010/07/JuneJulyAug.pdf','link'),(1466,1228,'Article','http://polk.uwex.edu/files/2011/01/Ag_Newsletter_7-11.pdf','link'),(1467,1229,'Article','http://rusk.uwex.edu/files/2010/05/Ag-May-June.pdf','link'),(1468,1230,'Article','http://taylor.uwex.edu/files/2011/05/2011-Spring-Ag-Center.pdf','link'),(1469,1231,'Article','http://calumet.uwex.edu/files/2011/03/2011-03a.pdf','link'),(1470,1232,'Article','http://shawano.uwex.edu/agriculture/farm-management-marketing/lgm-dairy/','link'),(1471,1233,'Article','http://clark.uwex.edu/files/2010/10/2011march.pdf','link'),(1472,1234,'Article','http://rusk.uwex.edu/files/2010/09/Ag.pdf','link'),(1473,1235,'Article','http://eauclaire.uwex.edu/files/2010/10/Aug-Sept2010.pdf','link'),(1474,1236,'Article','http://fyi.uwex.edu/news/2010/09/30/uw-study-to-look-at-feeding-strategies-on-wisconsin-dairy-farms-economic-production-and-environmental-outcomes/','link'),(1475,1237,'Article','http://fyi.uwex.edu/news/2010/08/03/dairy-management-decision-making-tools-available-on-line-from-uw-extension/','link'),(1476,1238,'Article','http://fyi.uwex.edu/news/2010/07/09/dairy-cow-feeding-economics-or-','link'),(1477,1239,'Article','http://eauclaire.uwex.edu/files/2010/10/July2010.pdf','link'),(1478,1240,'Article','http://clark.uwex.edu/files/2010/10/2010june3.pdf','link'),(1479,1241,'Article','http://fonddulac.uwex.edu/files/2010/09/DFNwsletterApr.swf','link'),(1480,1242,'Article','http://fonddulac.uwex.edu/files/2010/09/DFNwsletterApr.swf','link'),(1481,1243,'Article','http://manitowoc.uwex.edu/files/2010/12/Eastern-Wisconsin-DHIC-Newsletter-AUG-2010.pdf','link'),(1482,1244,'Article','http://fyi.uwex.edu/news/2010/06/03/uw-dairy-repro-helps-dairy-producers-evaluate-reproduction-programs/','link'),(1483,1245,'Article','http://taylor.uwex.edu/files/2011/05/2010-Summer-Ag-Center.pdf','link'),(1484,1246,'Article','http://sauk.uwex.edu/files/2010/10/MayJune-2010-Ag-Update.pdf','link'),(1485,1247,'Article','http://fyi.uwex.edu/news/2010/06/03/a-new-computer-model-for-dairy-producers/','link'),(1486,1248,'Article','http://kewaunee.uwex.edu/files/2010/05/512ag.pdf','link'),(1487,1249,'Article','http://fyi.uwex.edu/news/2010/03/08/a-decision-support-system-for-dairy-production-and-expansion/','link'),(1488,1250,'Article','http://fonddulac.uwex.edu/files/2010/10/DF-Nwsletter-Jan.pdf','link'),(1489,1251,'Article','http://fyi.uwex.edu/news/2009/10/28/new-tool-helps-calculate-the-cost-benefit-of-an-accelerated-feeding-program-for-dairy-calves/','link'),(1490,1252,'Article','http://eauclaire.uwex.edu/files/2010/10/09may.pdf','link'),(1491,1253,'Article','http://www.uwex.edu/ces/news/cenews.cfm?ID=3344','link'),(1492,1254,'Article','http://www.uwex.edu/ces/news/cenews.cfm?ID=3343','link'),(1493,1255,'Article','http://waupaca.uwex.edu/files/2010/12/2009-March-Spring-as-printed.pdf','link'),(1494,1256,'Article','http://fyi.uwex.edu/farmfinances/2009/04/24/budgets-and-budgeting-%E2%80%93-crop-and-livestock-enterprise-budgets/','link'),(1495,1257,'Article','http://fyi.uwex.edu/farmfinances/2009/03/25/program-insures-target-levels-of-dairy-gross-margins/','link'),(1496,1258,'Article','http://fyi.uwex.edu/farmfinances/2009/04/07/budgets-and-budgeting-%E2%80%93-partial-budgets/','link'),(1497,1259,'Article','http://news.cals.wisc.edu/2014/02/14/a-scientific-approach-to-dairy-farm-decision-making/','link'),(1498,1260,'Article','http://news.cals.wisc.edu/agriculture/2009/11/24/usda-grant-funds-new-effort-to-improve-dairy-cow-fertility/','link'),(1499,1261,'Article','http://news.cals.wisc.edu/agriculture/2008/05/28/new-uw-dairy-specialist-will-help-farmers-harness-complex-information/','link'),(1500,1262,'Article','http://agsource.crinet.com/news1903/AgSourceHerdSelectionGuideMakesToughEconomicDecisionsEasier','link'),(1501,1263,'Article','2012DCRCBilby.pdf','file'),(1502,1264,'Article','http://www.uwex.edu/ces/dairynutrition/documents/W187_revised.pdf','link'),(1503,1265,'Article','http://www.dcrcouncil.org/media/Public/Reaping%20Reproductive%20Rewards%20a%20Team%20Effort.pdf','link'),(1504,1266,'Article','http://www.wisconsinagconnection.com/story-state.php?Id=649&yr=2010','link'),(1505,1269,'Article','http://www.extension.org/pages/19949/managing-in-difficult-times:-economic-analysis-of-switching-milking-frequency','link'),(1506,1272,'Article','http://snre.ufl.edu/pubsevents/source/spring07/alumni.html','link'),(1507,1273,'Article','DairyToday.pdf','file'),(1508,1274,'Article','http://newscenter.nmsu.edu/?page=article&action=show&id=2366','link'),(1510,1024,'Poster','2011_MOSES_Dutreuil_poster.pdf','file'),(1511,1025,'Poster','2011_ADSAp_Souza_poster.pdf','file'),(1512,1026,'Presentation','2011_ADSA_Giordano_p.pdf','file'),(1513,1031,'Presentation','2010_ADSA_Giordano_p.pdf','file'),(1514,1032,'Presentation','2010_ADSA_Valvekar_p.pdf','file'),(1515,1033,'Paper','2010_ASABE_Passos-Fonseca.pdf','file'),(1516,1036,'Presentation','2009_AAEA_Cabrera_p.pdf','file'),(1517,1036,'Paper','2009_AAEA_Cabrera.pdf','file'),(1518,1037,'Poster','2009_ADSA_Ruiz_poster.pdf','file'),(1519,1040,'Abstract','2009_ADSA_Inostroza(b).pdf','file'),(1520,1042,'Presentation','2008_ADSA_Cabrera_p.pdf','file'),(1521,1044,'Paper','2007_AAEA_Cabrera_paper.pdf','file'),(1522,1045,'Paper','2007_ASABE_Cabrera_paper.pdf','file'),(1523,1049,'Paper','2005_ASABE_Cabrera_paper.pdf','file'),(1524,1050,'Presentation','2005_SAA_Cabrera_p.pdf','file'),(1525,1051,'Presentation','2005_CPAS_Cabrera_p.pdf','file'),(1526,1062,'Presentation','2002_IWRIACI_Cabrera_p.pdf','file'),(1527,1069,'Paper','2011_ADSA_Cabrera.pdf','file'),(1528,1069,'Presentation','2011_ADSA_Cabrera_p.pdf','file'),(1529,1070,'Abstract','2011_Discover_Cabrera_2.pdf','file'),(1530,1070,'Presentation','2011_ADSA_Cabrera_p_2.pdf','file'),(1531,1071,'Presentation','2011_Discover_Cabrera_p.pdf','file'),(1532,1072,'Presentation','2011_MWADSA_Cabrera_p.pdf','file'),(1533,1073,'Abstract','2009_ADSA_Cabrera_2.pdf','file'),(1534,1073,'Presentation','2009_ADSA_Cabrera_p_2.pdf','file'),(1536,958,'paper','Krpalkova14b.pdf','file');

/*!40101 SET SQL_MODE=@OLD_SQL_MODE */;
/*!40014 SET FOREIGN_KEY_CHECKS=@OLD_FOREIGN_KEY_CHECKS */;
/*!40014 SET UNIQUE_CHECKS=@OLD_UNIQUE_CHECKS */;
/*!40111 SET SQL_NOTES=@OLD_SQL_NOTES */;
